2026-03-28 13:58:35,286 - INFO - User selected players: [], Date range: 2025-10-01 \u2192 2026-03-28
2026-03-28 13:58:44,002 - INFO - User selected players: ['Shai Gilgeous-Alexander'], Date range: 2025-10-01 \u2192 2026-03-28
2026-03-28 14:00:14,705 - INFO - User selected players: [], Date range: 2025-10-01 \u2192 2026-03-28
2026-03-28 14:00:20,767 - INFO - User selected players: ['LeBron James'], Date range: 2025-10-01 \u2192 2026-03-28
2026-03-28 14:01:53,266 - INFO - User selected players: [], Date range: 2025-10-01 to 2026-03-28
2026-03-28 14:01:56,401 - INFO - User selected players: ['A.J. Lawson'], Date range: 2025-10-01 to 2026-03-28
2026-03-28 14:05:14,949 - INFO - User selected players: [], Date range: 2025-10-01 \u2192 2026-03-28
2026-03-28 14:05:17,851 - INFO - User selected players: ['AJ Green'], Date range: 2025-10-01 \u2192 2026-03-28
2026-03-28 14:05:19,390 - INFO - User selected players: ['AJ Green', 'Aaron Holiday'], Date range: 2025-10-01 \u2192 2026-03-28
2026-03-28 14:05:26,285 - INFO - User selected players: ['Aaron Holiday'], Date range: 2025-10-01 \u2192 2026-03-28
2026-03-28 14:05:27,772 - INFO - User selected players: [], Date range: 2025-10-01 \u2192 2026-03-28
2026-03-28 14:05:30,931 - INFO - User selected players: ['LeBron James'], Date range: 2025-10-01 \u2192 2026-03-28
2026-03-28 14:05:42,674 - INFO - User selected players: ['LeBron James', 'Shai Gilgeous-Alexander'], Date range: 2025-10-01 \u2192 2026-03-28
2026-03-28 14:05:46,221 - INFO - User selected players: ['LeBron James', 'Shai Gilgeous-Alexander'], Date range: 2025-10-01 \u2192 2026-03-28
2026-03-28 14:05:47,908 - INFO - User selected players: ['LeBron James', 'Shai Gilgeous-Alexander'], Date range: 2025-10-01 \u2192 2026-03-13
2026-03-28 14:05:55,735 - INFO - User selected players: ['LeBron James', 'Shai Gilgeous-Alexander'], Date range: 2026-02-01 \u2192 2026-03-13
2026-03-28 14:06:00,629 - INFO - User selected players: ['LeBron James', 'Shai Gilgeous-Alexander'], Date range: 2026-02-01 \u2192 2026-02-25
2026-03-28 14:07:35,329 - INFO - User selected players: ['LeBron James', 'Shai Gilgeous-Alexander', 'A.J. Lawson'], Date range: 2026-02-01 \u2192 2026-02-25
2026-03-28 14:07:36,233 - INFO - User selected players: ['LeBron James', 'Shai Gilgeous-Alexander'], Date range: 2026-02-01 \u2192 2026-02-25
2026-03-28 14:07:39,721 - INFO - User selected players: ['LeBron James'], Date range: 2026-02-01 \u2192 2026-02-25
2026-03-28 14:07:41,125 - INFO - User selected players: ['LeBron James', 'Shai Gilgeous-Alexander'], Date range: 2026-02-01 \u2192 2026-02-25
2026-03-28 14:07:47,288 - INFO - User selected players: ['LeBron James', 'Shai Gilgeous-Alexander'], Date range: 2026-02-01 \u2192 2026-02-25
2026-03-28 14:08:37,340 - INFO - User selected players: ['LeBron James'], Date range: 2026-02-01 \u2192 2026-02-25
2026-03-28 14:16:33,790 - INFO - User selected players: [], Date range: 2025-10-01 \u2192 2026-03-28
2026-03-28 14:16:37,247 - INFO - User selected players: ['Shai Gilgeous-Alexander'], Date range: 2025-10-01 \u2192 2026-03-28
2026-03-28 14:16:45,163 - INFO - User selected players: ['Shai Gilgeous-Alexander'], Date range: 2025-10-01 \u2192 2026-02-25
2026-03-28 14:16:49,383 - INFO - User selected players: ['Shai Gilgeous-Alexander'], Date range: 2026-01-15 \u2192 2026-02-25
2026-03-28 14:16:52,099 - INFO - User selected players: ['Shai Gilgeous-Alexander', 'AJ Johnson'], Date range: 2026-01-15 \u2192 2026-02-25
2026-03-28 14:17:15,027 - INFO - User selected players: [], Date range: 2025-10-01 \u2192 2026-03-28
2026-03-28 14:17:17,894 - INFO - User selected players: ['AJ Green'], Date range: 2025-10-01 \u2192 2026-03-28
2026-03-28 14:17:22,746 - INFO - User selected players: [], Date range: 2025-10-01 \u2192 2026-03-28
2026-03-28 14:17:27,619 - INFO - User selected players: ['Aaron Wiggins'], Date range: 2025-10-01 \u2192 2026-03-28
2026-03-28 14:17:38,234 - INFO - User selected players: [], Date range: 2025-10-01 \u2192 2026-03-28
2026-03-28 14:21:24,933 - INFO - User selected players: ['AJ Green'], Date range: 2025-10-01 \u2192 2026-03-28
2026-03-28 14:25:54,718 - INFO - User selected players: [], Date range: 2025-10-01 \u2192 2026-03-28
2026-03-28 14:25:57,011 - INFO - User selected players: ['Precious Achiuwa'], Date range: 2025-10-01 \u2192 2026-03-28
2026-03-28 14:36:25,669 - INFO - User selected players: [], Date range: 2025-10-01 \u2192 2026-03-28
2026-03-28 14:36:30,715 - INFO - User selected players: ['Shai Gilgeous-Alexander'], Date range: 2025-10-01 \u2192 2026-03-28
2026-03-28 14:36:48,877 - INFO - User selected players: ['Shai Gilgeous-Alexander', 'LeBron James'], Date range: 2025-10-01 \u2192 2026-03-28
2026-03-28 18:06:20,010 - INFO - User selected players: [], Date range: 2025-10-01 \u2192 2026-03-28
2026-03-28 18:06:29,070 - INFO - User selected players: ['Shai Gilgeous-Alexander'], Date range: 2025-10-01 \u2192 2026-03-28
2026-03-28 18:08:14,297 - INFO - User selected players: [], Date range: 2025-10-01 \u2192 2026-03-28
2026-03-28 18:08:18,033 - INFO - User selected players: ['Kon Knueppel'], Date range: 2025-10-01 \u2192 2026-03-28
2026-03-28 18:09:22,422 - INFO - User selected players: ['Kon Knueppel'], Date range: 2026-03-01 \u2192 2026-03-28
2026-03-29 12:52:01,554 - INFO - User selected players: [], Date range: 2025-10-01 \u2192 2026-03-29
2026-03-29 12:52:14,569 - INFO - User selected players: ['Shai Gilgeous-Alexander'], Date range: 2025-10-01 \u2192 2026-03-29
2026-03-29 12:57:53,524 - INFO - User selected players: [], Date range: 2025-10-01 \u2192 2026-03-29
2026-03-29 12:57:59,691 - INFO - User selected players: ['Shai Gilgeous-Alexander'], Date range: 2025-10-01 \u2192 2026-03-29
2026-03-29 13:01:25,835 - INFO - User selected players: [], Date range: 2025-10-01 \u2192 2026-03-29
2026-03-29 13:01:32,645 - INFO - User selected players: ['AJ Johnson'], Date range: 2025-10-01 \u2192 2026-03-29
2026-03-29 13:02:23,940 - INFO - User selected players: [], Date range: 2025-10-01 \u2192 2026-03-29
2026-03-29 13:02:27,923 - INFO - User selected players: ['AJ Green'], Date range: 2025-10-01 \u2192 2026-03-29
2026-03-29 13:02:44,364 - INFO - User selected players: ['AJ Green'], Date range: 2025-12-09 \u2192 2026-03-29
2026-03-29 13:02:47,053 - INFO - User selected players: ['AJ Green'], Date range: 2025-12-09 \u2192 2026-03-10
2026-03-29 13:03:48,366 - INFO - User selected players: [], Date range: 2025-12-09 \u2192 2026-03-10
2026-03-29 13:03:50,694 - INFO - User selected players: ['Shai Gilgeous-Alexander'], Date range: 2025-12-09 \u2192 2026-03-10
2026-03-29 20:23:46,308 - INFO - Players: [], Dates: 2025-10-01 \u2192 2026-03-29
2026-03-29 20:24:01,466 - INFO - Players: ['Shai Gilgeous-Alexander'], Dates: 2025-10-01 \u2192 2026-03-29
2026-03-29 20:24:38,124 - INFO - Players: ['Shai Gilgeous-Alexander'], Dates: 2025-10-01 \u2192 2026-03-29
2026-03-29 20:24:46,611 - INFO - Players: ['Shai Gilgeous-Alexander'], Dates: 2025-10-01 \u2192 2026-03-29
2026-03-29 20:24:47,392 - INFO - Players: ['Shai Gilgeous-Alexander'], Dates: 2025-10-01 \u2192 2026-03-29
2026-03-29 20:24:47,429 - INFO - Prediction made for Shai Gilgeous-Alexander: 31.403225806451612
2026-03-29 20:24:52,350 - INFO - Players: ['Shai Gilgeous-Alexander'], Dates: 2025-10-01 \u2192 2026-03-29
2026-03-29 20:25:19,542 - INFO - Players: ['Shai Gilgeous-Alexander'], Dates: 2025-10-01 \u2192 2026-03-29
2026-03-29 20:25:20,498 - INFO - Players: ['Shai Gilgeous-Alexander'], Dates: 2025-10-01 \u2192 2026-03-29
2026-03-29 20:26:48,510 - INFO - Players: ['Shai Gilgeous-Alexander', 'Victor Wembanyama'], Dates: 2025-10-01 \u2192 2026-03-29
2026-03-29 20:27:10,848 - INFO - Players: ['Victor Wembanyama'], Dates: 2025-10-01 \u2192 2026-03-29
2026-03-29 20:27:17,623 - INFO - Players: ['Victor Wembanyama'], Dates: 2025-10-01 \u2192 2026-03-29
2026-03-29 20:27:23,113 - INFO - Players: [], Dates: 2025-10-01 \u2192 2026-03-29
2026-03-29 20:33:06,265 - INFO - Players: [], Dates: 2025-10-01 \u2192 2026-03-29
2026-03-29 20:33:15,692 - INFO - Players: ['A.J. Lawson'], Dates: 2025-10-01 \u2192 2026-03-29
2026-03-29 20:33:17,906 - INFO - Players: [], Dates: 2025-10-01 \u2192 2026-03-29
2026-03-29 20:33:21,138 - INFO - Players: ['Shai Gilgeous-Alexander'], Dates: 2025-10-01 \u2192 2026-03-29
2026-03-29 20:33:34,446 - INFO - Players: ['Shai Gilgeous-Alexander'], Dates: 2025-10-01 \u2192 2026-03-29
2026-03-29 20:37:14,139 - INFO - Players: [], Dates: 2025-10-01 \u2192 2026-03-29
2026-03-29 20:37:36,536 - INFO - Players: [], Dates: 2025-10-01 \u2192 2026-03-29
2026-03-29 20:38:13,058 - INFO - Players: [], Dates: 2025-10-01 \u2192 2026-03-29
2026-03-29 20:38:35,513 - INFO - Players: [], Dates: 2025-10-01 \u2192 2026-03-29
2026-03-29 20:38:37,116 - INFO - Players: [], Dates: 2025-10-01 \u2192 2026-03-29
2026-03-29 20:38:37,136 - INFO - Prediction made for Aaron Wiggins: 9.758620689655173
2026-03-29 20:38:40,173 - INFO - Players: [], Dates: 2025-10-01 \u2192 2026-03-29
2026-03-29 20:38:47,669 - INFO - Players: ['AJ Johnson'], Dates: 2025-10-01 \u2192 2026-03-29
2026-03-29 20:38:49,278 - INFO - Players: ['AJ Johnson', 'A.J. Lawson'], Dates: 2025-10-01 \u2192 2026-03-29
2026-03-29 20:38:50,664 - INFO - Players: ['AJ Johnson'], Dates: 2025-10-01 \u2192 2026-03-29
2026-03-29 20:38:51,894 - INFO - Players: ['AJ Johnson', 'Aaron Wiggins'], Dates: 2025-10-01 \u2192 2026-03-29
2026-03-29 20:39:51,141 - INFO - Players: [], Dates: 2025-10-01 \u2192 2026-03-29
2026-03-29 20:39:54,665 - INFO - Players: [], Dates: 2025-10-01 \u2192 2026-03-29
2026-03-29 20:40:26,740 - INFO - Players: [], Dates: 2025-10-01 \u2192 2026-03-29
2026-03-29 20:40:28,754 - INFO - Players: [], Dates: 2025-10-01 \u2192 2026-03-29
2026-03-29 20:40:32,035 - INFO - Players: ['AJ Johnson'], Dates: 2025-10-01 \u2192 2026-03-29
2026-03-29 20:40:34,369 - INFO - Players: ['AJ Johnson', 'Aaron Gordon'], Dates: 2025-10-01 \u2192 2026-03-29
2026-03-29 20:41:02,964 - INFO - Players: ['AJ Johnson'], Dates: 2025-10-01 \u2192 2026-03-29
2026-03-29 20:41:14,414 - INFO - Players: [], Dates: 2025-10-01 \u2192 2026-03-29
2026-03-29 20:41:16,060 - INFO - Players: ['A.J. Lawson'], Dates: 2025-10-01 \u2192 2026-03-29
2026-03-29 20:41:16,940 - INFO - Players: ['A.J. Lawson', 'AJ Green'], Dates: 2025-10-01 \u2192 2026-03-29
2026-03-29 20:43:42,143 - INFO - Players: ['A.J. Lawson', 'AJ Green', 'Aaron Gordon'], Dates: 2025-10-01 \u2192 2026-03-29
2026-03-29 20:43:44,754 - INFO - Players: ['A.J. Lawson', 'AJ Green', 'Aaron Gordon', 'Aaron Wiggins'], Dates: 2025-10-01 \u2192 2026-03-29
2026-03-29 20:43:49,877 - INFO - Players: ['A.J. Lawson', 'AJ Green', 'Aaron Gordon', 'Aaron Wiggins', 'Adou Thiero'], Dates: 2025-10-01 \u2192 2026-03-29
2026-03-29 20:43:56,391 - INFO - Players: [], Dates: 2025-10-01 \u2192 2026-03-29
2026-03-29 20:44:03,862 - INFO - Players: [], Dates: 2025-10-01 \u2192 2026-03-29
2026-03-29 20:44:05,303 - INFO - Players: [], Dates: 2025-10-01 \u2192 2026-03-29
2026-03-29 20:44:08,437 - INFO - Players: ['Shai Gilgeous-Alexander'], Dates: 2025-10-01 \u2192 2026-03-29
2026-03-29 20:44:13,499 - INFO - Players: ['Shai Gilgeous-Alexander'], Dates: 2025-10-01 \u2192 2026-03-29
2026-03-29 20:44:16,050 - INFO - Players: ['Shai Gilgeous-Alexander'], Dates: 2025-10-01 \u2192 2026-03-29
2026-03-29 20:44:19,168 - INFO - Players: ['Shai Gilgeous-Alexander'], Dates: 2025-10-01 \u2192 2026-03-29
2026-03-29 20:44:20,258 - INFO - Players: ['Shai Gilgeous-Alexander'], Dates: 2025-10-01 \u2192 2026-03-29
2026-03-29 20:50:50,496 - INFO - Players: [], Dates: 2025-10-01 \u2192 2026-03-29
2026-03-29 20:51:50,567 - INFO - Players: [], Dates: 2025-10-01 \u2192 2026-03-29
2026-03-29 20:51:58,825 - INFO - Players: ['Shai Gilgeous-Alexander'], Dates: 2025-10-01 \u2192 2026-03-29
2026-03-29 20:52:01,593 - INFO - Players: ['Shai Gilgeous-Alexander'], Dates: 2025-10-01 \u2192 2026-03-29
2026-03-29 20:52:02,941 - INFO - Players: ['Shai Gilgeous-Alexander'], Dates: 2025-10-01 \u2192 2026-03-29
2026-03-29 20:52:04,247 - INFO - Players: ['Shai Gilgeous-Alexander'], Dates: 2025-10-01 \u2192 2026-03-29
2026-03-29 20:52:04,269 - INFO - Prediction made for ['Shai Gilgeous-Alexander']: 31.403225806451612
2026-03-29 20:52:06,509 - INFO - Players: ['Shai Gilgeous-Alexander'], Dates: 2025-10-01 \u2192 2026-03-29
2026-03-29 20:53:42,142 - INFO - Players: [], Dates: 2025-10-01 \u2192 2026-03-29
2026-03-29 20:53:48,364 - INFO - Players: ['Shai Gilgeous-Alexander'], Dates: 2025-10-01 \u2192 2026-03-29
2026-03-29 20:53:57,416 - INFO - Players: ['Shai Gilgeous-Alexander'], Dates: 2025-10-01 \u2192 2026-03-29
2026-03-29 20:54:01,400 - INFO - Players: ['Shai Gilgeous-Alexander'], Dates: 2025-10-01 \u2192 2026-03-29
2026-03-29 20:54:02,385 - INFO - Players: ['Shai Gilgeous-Alexander'], Dates: 2025-10-01 \u2192 2026-03-29
2026-03-29 20:54:03,162 - INFO - Players: ['Shai Gilgeous-Alexander'], Dates: 2025-10-01 \u2192 2026-03-29
2026-03-29 20:54:58,521 - INFO - Players: ['Shai Gilgeous-Alexander'], Dates: 2025-10-01 \u2192 2026-03-29
2026-03-29 20:54:59,432 - INFO - Players: ['Shai Gilgeous-Alexander'], Dates: 2025-10-01 \u2192 2026-03-29
2026-03-29 20:55:01,635 - INFO - Players: [], Dates: 2025-10-01 \u2192 2026-03-29
2026-03-29 20:55:03,175 - INFO - Players: [], Dates: 2025-10-01 \u2192 2026-03-29
2026-03-29 20:55:07,304 - INFO - Players: ['Bronny James'], Dates: 2025-10-01 \u2192 2026-03-29
2026-03-29 20:55:10,126 - INFO - Players: ['Bronny James'], Dates: 2025-10-01 \u2192 2026-03-29
2026-03-29 20:55:11,636 - INFO - Players: ['Bronny James'], Dates: 2025-10-01 \u2192 2026-03-29
2026-03-29 20:55:12,706 - INFO - Players: ['Bronny James'], Dates: 2025-10-01 \u2192 2026-03-29
2026-03-29 20:55:13,761 - INFO - Players: ['Bronny James'], Dates: 2025-10-01 \u2192 2026-03-29
2026-03-29 20:55:15,144 - INFO - Players: ['Bronny James'], Dates: 2025-10-01 \u2192 2026-03-29
2026-03-29 20:55:15,207 - INFO - Prediction made for ['Bronny James']: 2.1470588235294117
2026-03-29 20:55:17,654 - INFO - Players: ['Bronny James'], Dates: 2025-10-01 \u2192 2026-03-29
2026-03-29 20:55:19,027 - INFO - Players: ['Bronny James'], Dates: 2025-10-01 \u2192 2026-03-29
2026-03-29 20:55:21,828 - INFO - Players: [], Dates: 2025-10-01 \u2192 2026-03-29
2026-03-29 20:55:23,654 - INFO - Players: ['Shai Gilgeous-Alexander'], Dates: 2025-10-01 \u2192 2026-03-29
2026-03-29 20:55:24,851 - INFO - Players: ['Shai Gilgeous-Alexander'], Dates: 2025-10-01 \u2192 2026-03-29
2026-03-29 20:55:24,862 - INFO - Prediction made for ['Shai Gilgeous-Alexander']: 31.403225806451612
2026-03-29 20:55:27,162 - INFO - Players: ['Shai Gilgeous-Alexander'], Dates: 2025-10-01 \u2192 2026-03-29
2026-03-29 20:55:35,020 - INFO - Players: ['Shai Gilgeous-Alexander'], Dates: 2025-10-01 \u2192 2026-03-29
2026-03-29 20:55:35,674 - INFO - Players: ['Shai Gilgeous-Alexander'], Dates: 2025-10-01 \u2192 2026-03-29
2026-03-29 20:55:36,561 - INFO - Players: ['Shai Gilgeous-Alexander'], Dates: 2025-10-01 \u2192 2026-03-29
2026-03-29 20:56:51,714 - INFO - Players: ['Shai Gilgeous-Alexander'], Dates: 2025-10-01 \u2192 2026-03-29
2026-03-29 20:56:58,568 - INFO - Players: ['Shai Gilgeous-Alexander', 'Victor Wembanyama'], Dates: 2025-10-01 \u2192 2026-03-29
2026-03-29 20:57:42,156 - INFO - Players: ['Shai Gilgeous-Alexander', 'Victor Wembanyama'], Dates: 2025-10-01 \u2192 2026-03-29
2026-03-29 20:57:44,115 - INFO - Players: ['Shai Gilgeous-Alexander'], Dates: 2025-10-01 \u2192 2026-03-29
2026-03-29 21:01:07,438 - INFO - Players: [], Dates: 2025-10-01 \u2192 2026-03-29
2026-03-29 21:07:53,033 - INFO - Players: [], Dates: 2025-10-01 \u2192 2026-03-29
2026-03-29 21:07:57,812 - INFO - Players: ['Shai Gilgeous-Alexander'], Dates: 2025-10-01 \u2192 2026-03-29
2026-03-29 21:08:03,564 - INFO - Players: ['Shai Gilgeous-Alexander'], Dates: 2026-01-14 \u2192 2026-03-29
2026-03-29 21:10:29,566 - INFO - Players: ['Shai Gilgeous-Alexander'], Dates: 2026-01-14 \u2192 2026-03-29
2026-03-29 21:10:31,073 - INFO - Players: ['Shai Gilgeous-Alexander'], Dates: 2026-01-14 \u2192 2026-03-29
2026-03-29 21:12:57,991 - INFO - Players: ['Shai Gilgeous-Alexander'], Dates: 2026-01-14 \u2192 2026-03-29
2026-03-29 21:12:59,293 - INFO - Players: ['Shai Gilgeous-Alexander'], Dates: 2026-01-14 \u2192 2026-03-29
2026-03-29 21:13:07,509 - INFO - Players: ['Shai Gilgeous-Alexander'], Dates: 2026-01-14 \u2192 2026-03-29
2026-03-29 21:13:12,327 - INFO - Players: ['Shai Gilgeous-Alexander', 'Victor Wembanyama'], Dates: 2026-01-14 \u2192 2026-03-29
2026-03-29 21:23:28,433 - INFO - Players: [], Dates: 2025-10-01 \u2192 2026-03-29
2026-03-29 21:23:31,772 - INFO - Players: ['Aaron Gordon'], Dates: 2025-10-01 \u2192 2026-03-29
2026-03-29 21:24:40,161 - INFO - Players: [], Dates: 2025-10-01 \u2192 2026-03-29
2026-03-29 21:24:44,827 - INFO - Players: [], Dates: 2025-10-01 \u2192 2026-03-29
2026-03-29 21:24:46,177 - INFO - Players: [], Dates: 2025-10-01 \u2192 2026-03-29
2026-03-29 21:24:46,854 - INFO - Players: [], Dates: 2025-10-01 \u2192 2026-03-29
2026-03-29 21:24:47,381 - INFO - Players: [], Dates: 2025-10-01 \u2192 2026-03-29
2026-03-29 21:24:48,860 - INFO - Players: [], Dates: 2025-10-01 \u2192 2026-03-29
2026-03-29 21:24:49,494 - INFO - Players: [], Dates: 2025-10-01 \u2192 2026-03-29
2026-03-29 21:25:01,058 - INFO - Players: ['Zach LaVine'], Dates: 2025-10-01 \u2192 2026-03-29
2026-03-29 21:27:24,348 - INFO - Players: [], Dates: 2025-10-01 \u2192 2026-03-29
2026-03-29 21:32:55,541 - INFO - Players: [], Dates: 2025-10-01 \u2192 2026-03-29
2026-03-29 21:33:00,771 - INFO - Players: ['Shai Gilgeous-Alexander'], Dates: 2025-10-01 \u2192 2026-03-29
2026-03-29 21:33:00,785 - INFO - Data Processing Time: 0.0128s
2026-03-29 21:33:33,282 - INFO - Players: ['Shai Gilgeous-Alexander'], Dates: 2025-10-01 \u2192 2026-03-29
2026-03-29 21:33:33,300 - INFO - Data Processing Time: 0.016s
2026-03-29 21:41:00,534 - INFO - Players: [], Dates: 2025-10-01 \u2192 2026-03-29
2026-03-29 21:41:00,542 - INFO - Dashboard Selected
2026-03-29 21:41:02,567 - INFO - Players: [], Dates: 2025-10-01 \u2192 2026-03-29
2026-03-29 21:41:02,571 - INFO - Player Comparison Selected
2026-03-29 21:41:23,321 - INFO - Players: [], Dates: 2025-10-01 \u2192 2026-03-29
2026-03-29 21:41:23,322 - INFO - Analytics Selected
2026-03-29 22:24:58,377 - INFO - Players: [], Dates: 2025-10-01 \u2192 2026-03-29
2026-03-29 22:24:58,382 - INFO - Dashboard Selected
2026-03-29 22:25:00,825 - INFO - Players: [], Dates: 2025-10-01 \u2192 2026-03-29
2026-03-29 22:25:00,827 - INFO - Player Comparison Selected
2026-03-29 22:25:02,191 - INFO - Players: [], Dates: 2025-10-01 \u2192 2026-03-29
2026-03-29 22:25:02,193 - INFO - Player Prediction Selected
2026-03-29 22:25:07,470 - INFO - Players: ['Shai Gilgeous-Alexander'], Dates: 2025-10-01 \u2192 2026-03-29
2026-03-29 22:25:07,471 - INFO - Player Prediction Selected
2026-03-29 22:25:07,526 - INFO - Data Processing Time: 0.0533s
2026-03-29 22:25:16,001 - INFO - Players: ['Shai Gilgeous-Alexander'], Dates: 2025-10-01 \u2192 2026-03-29
2026-03-29 22:25:16,003 - INFO - Player Prediction Selected
2026-03-29 22:25:16,015 - INFO - Data Processing Time: 0.0116s
2026-03-29 22:25:23,829 - INFO - Players: ['Shai Gilgeous-Alexander'], Dates: 2025-10-01 \u2192 2026-03-29
2026-03-29 22:25:23,830 - INFO - Player Prediction Selected
2026-03-29 22:25:23,843 - INFO - Data Processing Time: 0.0131s
2026-03-29 22:27:01,175 - INFO - Players: [], Dates: 2025-10-01 \u2192 2026-03-29
2026-03-29 22:27:01,178 - INFO - Dashboard Selected
2026-03-29 22:27:05,136 - INFO - Players: ['Shai Gilgeous-Alexander'], Dates: 2025-10-01 \u2192 2026-03-29
2026-03-29 22:27:05,137 - INFO - Dashboard Selected
2026-03-29 22:27:05,147 - INFO - Data Processing Time: 0.0096s
2026-03-29 22:27:06,741 - INFO - Players: ['Shai Gilgeous-Alexander'], Dates: 2025-10-01 \u2192 2026-03-29
2026-03-29 22:27:06,742 - INFO - Player Prediction Selected
2026-03-29 22:27:06,769 - INFO - Data Processing Time: 0.026s
2026-03-29 22:27:26,927 - INFO - Players: ['Shai Gilgeous-Alexander'], Dates: 2025-10-01 \u2192 2026-03-29
2026-03-29 22:27:26,928 - INFO - Player Prediction Selected
2026-03-29 22:27:26,944 - INFO - Data Processing Time: 0.0152s
2026-03-29 22:27:29,724 - INFO - Players: ['Shai Gilgeous-Alexander'], Dates: 2025-10-01 \u2192 2026-03-29
2026-03-29 22:27:29,725 - INFO - Player Prediction Selected
2026-03-29 22:27:29,735 - INFO - Data Processing Time: 0.0096s
2026-03-29 22:27:45,505 - INFO - Players: ['Shai Gilgeous-Alexander'], Dates: 2025-10-01 \u2192 2026-03-29
2026-03-29 22:27:45,506 - INFO - Player Comparison Selected
2026-03-29 22:27:46,664 - INFO - Players: ['Shai Gilgeous-Alexander'], Dates: 2025-10-01 \u2192 2026-03-29
2026-03-29 22:27:46,664 - INFO - Dashboard Selected
2026-03-29 22:27:46,672 - INFO - Data Processing Time: 0.0075s
2026-03-29 23:02:40,204 - INFO - Players: [], Dates: 2025-10-01 \u2192 2026-03-29
2026-03-29 23:02:40,213 - INFO - Dashboard Selected
2026-03-29 23:02:44,925 - INFO - Players: ['Shai Gilgeous-Alexander'], Dates: 2025-10-01 \u2192 2026-03-29
2026-03-29 23:02:44,927 - INFO - Dashboard Selected
2026-03-29 23:02:44,990 - INFO - Data Processing Time: 0.0613s
2026-03-29 23:06:24,553 - INFO - Players: [], Dates: 2025-10-01 \u2192 2026-03-29
2026-03-29 23:06:24,555 - INFO - Dashboard Selected
2026-03-29 23:06:29,164 - INFO - Players: ['Shai Gilgeous-Alexander'], Dates: 2025-10-01 \u2192 2026-03-29
2026-03-29 23:06:29,166 - INFO - Dashboard Selected
2026-03-29 23:06:29,176 - INFO - Data Processing Time: 0.0099s
2026-03-29 23:15:53,838 - INFO - Players: ['Shai Gilgeous-Alexander'], Dates: 2025-10-01 \u2192 2026-03-29
2026-03-29 23:15:53,846 - INFO - Dashboard Selected
2026-03-29 23:15:53,896 - INFO - Data Processing Time: 0.0496s
2026-03-29 23:17:03,728 - INFO - Players: ['Shai Gilgeous-Alexander'], Dates: 2025-10-01 \u2192 2026-03-29
2026-03-29 23:17:03,734 - INFO - Dashboard Selected
2026-03-29 23:17:03,749 - INFO - Data Processing Time: 0.0146s
2026-03-29 23:17:19,606 - INFO - Players: [], Dates: 2025-10-01 \u2192 2026-03-29
2026-03-29 23:17:19,609 - INFO - Dashboard Selected
2026-03-29 23:17:24,386 - INFO - Players: ['Shai Gilgeous-Alexander'], Dates: 2025-10-01 \u2192 2026-03-29
2026-03-29 23:17:24,387 - INFO - Dashboard Selected
2026-03-29 23:17:24,401 - INFO - Data Processing Time: 0.0137s
2026-03-29 23:17:53,239 - INFO - Players: ['Shai Gilgeous-Alexander'], Dates: 2025-10-01 \u2192 2026-03-29
2026-03-29 23:17:53,240 - INFO - Dashboard Selected
2026-03-29 23:17:53,256 - INFO - Data Processing Time: 0.0158s
2026-03-30 10:16:15,257 - INFO - Players: [], Dates: 2025-10-01 \u2192 2026-03-30
2026-03-30 10:16:15,261 - INFO - Dashboard Selected
2026-03-30 10:16:23,550 - INFO - Players: ['Shai Gilgeous-Alexander'], Dates: 2025-10-01 \u2192 2026-03-30
2026-03-30 10:16:23,552 - INFO - Dashboard Selected
2026-03-30 10:16:23,595 - INFO - Data Processing Time: 0.043s
2026-03-30 10:16:23,745 - DEBUG - Loaded backend Agg version v2.2.
2026-03-30 10:16:23,759 - DEBUG - findfont: Matching sans\-serif:style=normal:variant=normal:weight=normal:stretch=normal:size=10.0.
2026-03-30 10:16:23,760 - DEBUG - findfont: score(FontEntry(fname='C:\\Users\\akuhn\\AppData\\Local\\Packages\\PythonSoftwareFoundation.Python.3.13_qbz5n2kfra8p0\\LocalCache\\local-packages\\Python313\\site-packages\\matplotlib\\mpl-data\\fonts\\ttf\\DejaVuSansMono-BoldOblique.ttf', name='DejaVu Sans Mono', style='oblique', variant='normal', weight=700, stretch='normal', size='scalable')) = 11.335
2026-03-30 10:16:23,762 - DEBUG - findfont: score(FontEntry(fname='C:\\Users\\akuhn\\AppData\\Local\\Packages\\PythonSoftwareFoundation.Python.3.13_qbz5n2kfra8p0\\LocalCache\\local-packages\\Python313\\site-packages\\matplotlib\\mpl-data\\fonts\\ttf\\STIXGeneralItalic.ttf', name='STIXGeneral', style='italic', variant='normal', weight=400, stretch='normal', size='scalable')) = 11.05
2026-03-30 10:16:23,763 - DEBUG - findfont: score(FontEntry(fname='C:\\Users\\akuhn\\AppData\\Local\\Packages\\PythonSoftwareFoundation.Python.3.13_qbz5n2kfra8p0\\LocalCache\\local-packages\\Python313\\site-packages\\matplotlib\\mpl-data\\fonts\\ttf\\cmmi10.ttf', name='cmmi10', style='normal', variant='normal', weight=400, stretch='normal', size='scalable')) = 10.05
2026-03-30 10:16:23,763 - DEBUG - findfont: score(FontEntry(fname='C:\\Users\\akuhn\\AppData\\Local\\Packages\\PythonSoftwareFoundation.Python.3.13_qbz5n2kfra8p0\\LocalCache\\local-packages\\Python313\\site-packages\\matplotlib\\mpl-data\\fonts\\ttf\\STIXSizOneSymBol.ttf', name='STIXSizeOneSym', style='normal', variant='normal', weight=700, stretch='normal', size='scalable')) = 10.335
2026-03-30 10:16:23,764 - DEBUG - findfont: score(FontEntry(fname='C:\\Users\\akuhn\\AppData\\Local\\Packages\\PythonSoftwareFoundation.Python.3.13_qbz5n2kfra8p0\\LocalCache\\local-packages\\Python313\\site-packages\\matplotlib\\mpl-data\\fonts\\ttf\\cmsy10.ttf', name='cmsy10', style='normal', variant='normal', weight=400, stretch='normal', size='scalable')) = 10.05
2026-03-30 10:16:23,765 - DEBUG - findfont: score(FontEntry(fname='C:\\Users\\akuhn\\AppData\\Local\\Packages\\PythonSoftwareFoundation.Python.3.13_qbz5n2kfra8p0\\LocalCache\\local-packages\\Python313\\site-packages\\matplotlib\\mpl-data\\fonts\\ttf\\DejaVuSans-Bold.ttf', name='DejaVu Sans', style='normal', variant='normal', weight=700, stretch='normal', size='scalable')) = 0.33499999999999996
2026-03-30 10:16:23,765 - DEBUG - findfont: score(FontEntry(fname='C:\\Users\\akuhn\\AppData\\Local\\Packages\\PythonSoftwareFoundation.Python.3.13_qbz5n2kfra8p0\\LocalCache\\local-packages\\Python313\\site-packages\\matplotlib\\mpl-data\\fonts\\ttf\\DejaVuSerif-BoldItalic.ttf', name='DejaVu Serif', style='italic', variant='normal', weight=700, stretch='normal', size='scalable')) = 11.335
2026-03-30 10:16:23,765 - DEBUG - findfont: score(FontEntry(fname='C:\\Users\\akuhn\\AppData\\Local\\Packages\\PythonSoftwareFoundation.Python.3.13_qbz5n2kfra8p0\\LocalCache\\local-packages\\Python313\\site-packages\\matplotlib\\mpl-data\\fonts\\ttf\\STIXNonUniBol.ttf', name='STIXNonUnicode', style='normal', variant='normal', weight=700, stretch='normal', size='scalable')) = 10.335
2026-03-30 10:16:23,765 - DEBUG - findfont: score(FontEntry(fname='C:\\Users\\akuhn\\AppData\\Local\\Packages\\PythonSoftwareFoundation.Python.3.13_qbz5n2kfra8p0\\LocalCache\\local-packages\\Python313\\site-packages\\matplotlib\\mpl-data\\fonts\\ttf\\STIXSizTwoSymBol.ttf', name='STIXSizeTwoSym', style='normal', variant='normal', weight=700, stretch='normal', size='scalable')) = 10.335
2026-03-30 10:16:23,765 - DEBUG - findfont: score(FontEntry(fname='C:\\Users\\akuhn\\AppData\\Local\\Packages\\PythonSoftwareFoundation.Python.3.13_qbz5n2kfra8p0\\LocalCache\\local-packages\\Python313\\site-packages\\matplotlib\\mpl-data\\fonts\\ttf\\cmb10.ttf', name='cmb10', style='normal', variant='normal', weight=400, stretch='normal', size='scalable')) = 10.05
2026-03-30 10:16:23,765 - DEBUG - findfont: score(FontEntry(fname='C:\\Users\\akuhn\\AppData\\Local\\Packages\\PythonSoftwareFoundation.Python.3.13_qbz5n2kfra8p0\\LocalCache\\local-packages\\Python313\\site-packages\\matplotlib\\mpl-data\\fonts\\ttf\\cmr10.ttf', name='cmr10', style='normal', variant='normal', weight=400, stretch='normal', size='scalable')) = 10.05
2026-03-30 10:16:23,765 - DEBUG - findfont: score(FontEntry(fname='C:\\Users\\akuhn\\AppData\\Local\\Packages\\PythonSoftwareFoundation.Python.3.13_qbz5n2kfra8p0\\LocalCache\\local-packages\\Python313\\site-packages\\matplotlib\\mpl-data\\fonts\\ttf\\cmtt10.ttf', name='cmtt10', style='normal', variant='normal', weight=400, stretch='normal', size='scalable')) = 10.05
2026-03-30 10:16:23,766 - DEBUG - findfont: score(FontEntry(fname='C:\\Users\\akuhn\\AppData\\Local\\Packages\\PythonSoftwareFoundation.Python.3.13_qbz5n2kfra8p0\\LocalCache\\local-packages\\Python313\\site-packages\\matplotlib\\mpl-data\\fonts\\ttf\\DejaVuSerif.ttf', name='DejaVu Serif', style='normal', variant='normal', weight=400, stretch='normal', size='scalable')) = 10.05
2026-03-30 10:16:23,766 - DEBUG - findfont: score(FontEntry(fname='C:\\Users\\akuhn\\AppData\\Local\\Packages\\PythonSoftwareFoundation.Python.3.13_qbz5n2kfra8p0\\LocalCache\\local-packages\\Python313\\site-packages\\matplotlib\\mpl-data\\fonts\\ttf\\DejaVuSansMono.ttf', name='DejaVu Sans Mono', style='normal', variant='normal', weight=400, stretch='normal', size='scalable')) = 10.05
2026-03-30 10:16:23,766 - DEBUG - findfont: score(FontEntry(fname='C:\\Users\\akuhn\\AppData\\Local\\Packages\\PythonSoftwareFoundation.Python.3.13_qbz5n2kfra8p0\\LocalCache\\local-packages\\Python313\\site-packages\\matplotlib\\mpl-data\\fonts\\ttf\\STIXSizThreeSymBol.ttf', name='STIXSizeThreeSym', style='normal', variant='normal', weight=700, stretch='normal', size='scalable')) = 10.335
2026-03-30 10:16:23,766 - DEBUG - findfont: score(FontEntry(fname='C:\\Users\\akuhn\\AppData\\Local\\Packages\\PythonSoftwareFoundation.Python.3.13_qbz5n2kfra8p0\\LocalCache\\local-packages\\Python313\\site-packages\\matplotlib\\mpl-data\\fonts\\ttf\\DejaVuSans-Oblique.ttf', name='DejaVu Sans', style='oblique', variant='normal', weight=400, stretch='normal', size='scalable')) = 1.05
2026-03-30 10:16:23,766 - DEBUG - findfont: score(FontEntry(fname='C:\\Users\\akuhn\\AppData\\Local\\Packages\\PythonSoftwareFoundation.Python.3.13_qbz5n2kfra8p0\\LocalCache\\local-packages\\Python313\\site-packages\\matplotlib\\mpl-data\\fonts\\ttf\\cmex10.ttf', name='cmex10', style='normal', variant='normal', weight=400, stretch='normal', size='scalable')) = 10.05
2026-03-30 10:16:23,766 - DEBUG - findfont: score(FontEntry(fname='C:\\Users\\akuhn\\AppData\\Local\\Packages\\PythonSoftwareFoundation.Python.3.13_qbz5n2kfra8p0\\LocalCache\\local-packages\\Python313\\site-packages\\matplotlib\\mpl-data\\fonts\\ttf\\STIXNonUniBolIta.ttf', name='STIXNonUnicode', style='italic', variant='normal', weight=700, stretch='normal', size='scalable')) = 11.335
2026-03-30 10:16:23,767 - DEBUG - findfont: score(FontEntry(fname='C:\\Users\\akuhn\\AppData\\Local\\Packages\\PythonSoftwareFoundation.Python.3.13_qbz5n2kfra8p0\\LocalCache\\local-packages\\Python313\\site-packages\\matplotlib\\mpl-data\\fonts\\ttf\\DejaVuSansDisplay.ttf', name='DejaVu Sans Display', style='normal', variant='normal', weight=400, stretch='normal', size='scalable')) = 10.05
2026-03-30 10:16:23,767 - DEBUG - findfont: score(FontEntry(fname='C:\\Users\\akuhn\\AppData\\Local\\Packages\\PythonSoftwareFoundation.Python.3.13_qbz5n2kfra8p0\\LocalCache\\local-packages\\Python313\\site-packages\\matplotlib\\mpl-data\\fonts\\ttf\\STIXSizFourSymBol.ttf', name='STIXSizeFourSym', style='normal', variant='normal', weight=700, stretch='normal', size='scalable')) = 10.335
2026-03-30 10:16:23,767 - DEBUG - findfont: score(FontEntry(fname='C:\\Users\\akuhn\\AppData\\Local\\Packages\\PythonSoftwareFoundation.Python.3.13_qbz5n2kfra8p0\\LocalCache\\local-packages\\Python313\\site-packages\\matplotlib\\mpl-data\\fonts\\ttf\\DejaVuSansMono-Oblique.ttf', name='DejaVu Sans Mono', style='oblique', variant='normal', weight=400, stretch='normal', size='scalable')) = 11.05
2026-03-30 10:16:23,767 - DEBUG - findfont: score(FontEntry(fname='C:\\Users\\akuhn\\AppData\\Local\\Packages\\PythonSoftwareFoundation.Python.3.13_qbz5n2kfra8p0\\LocalCache\\local-packages\\Python313\\site-packages\\matplotlib\\mpl-data\\fonts\\ttf\\DejaVuSansMono-Bold.ttf', name='DejaVu Sans Mono', style='normal', variant='normal', weight=700, stretch='normal', size='scalable')) = 10.335
2026-03-30 10:16:23,767 - DEBUG - findfont: score(FontEntry(fname='C:\\Users\\akuhn\\AppData\\Local\\Packages\\PythonSoftwareFoundation.Python.3.13_qbz5n2kfra8p0\\LocalCache\\local-packages\\Python313\\site-packages\\matplotlib\\mpl-data\\fonts\\ttf\\STIXSizFiveSymReg.ttf', name='STIXSizeFiveSym', style='normal', variant='normal', weight=400, stretch='normal', size='scalable')) = 10.05
2026-03-30 10:16:23,767 - DEBUG - findfont: score(FontEntry(fname='C:\\Users\\akuhn\\AppData\\Local\\Packages\\PythonSoftwareFoundation.Python.3.13_qbz5n2kfra8p0\\LocalCache\\local-packages\\Python313\\site-packages\\matplotlib\\mpl-data\\fonts\\ttf\\DejaVuSans-BoldOblique.ttf', name='DejaVu Sans', style='oblique', variant='normal', weight=700, stretch='normal', size='scalable')) = 1.335
2026-03-30 10:16:23,767 - DEBUG - findfont: score(FontEntry(fname='C:\\Users\\akuhn\\AppData\\Local\\Packages\\PythonSoftwareFoundation.Python.3.13_qbz5n2kfra8p0\\LocalCache\\local-packages\\Python313\\site-packages\\matplotlib\\mpl-data\\fonts\\ttf\\STIXGeneral.ttf', name='STIXGeneral', style='normal', variant='normal', weight=400, stretch='normal', size='scalable')) = 10.05
2026-03-30 10:16:23,767 - DEBUG - findfont: score(FontEntry(fname='C:\\Users\\akuhn\\AppData\\Local\\Packages\\PythonSoftwareFoundation.Python.3.13_qbz5n2kfra8p0\\LocalCache\\local-packages\\Python313\\site-packages\\matplotlib\\mpl-data\\fonts\\ttf\\cmss10.ttf', name='cmss10', style='normal', variant='normal', weight=400, stretch='normal', size='scalable')) = 10.05
2026-03-30 10:16:23,768 - DEBUG - findfont: score(FontEntry(fname='C:\\Users\\akuhn\\AppData\\Local\\Packages\\PythonSoftwareFoundation.Python.3.13_qbz5n2kfra8p0\\LocalCache\\local-packages\\Python313\\site-packages\\matplotlib\\mpl-data\\fonts\\ttf\\STIXNonUniIta.ttf', name='STIXNonUnicode', style='italic', variant='normal', weight=400, stretch='normal', size='scalable')) = 11.05
2026-03-30 10:16:23,768 - DEBUG - findfont: score(FontEntry(fname='C:\\Users\\akuhn\\AppData\\Local\\Packages\\PythonSoftwareFoundation.Python.3.13_qbz5n2kfra8p0\\LocalCache\\local-packages\\Python313\\site-packages\\matplotlib\\mpl-data\\fonts\\ttf\\DejaVuSerif-Italic.ttf', name='DejaVu Serif', style='italic', variant='normal', weight=400, stretch='normal', size='scalable')) = 11.05
2026-03-30 10:16:23,768 - DEBUG - findfont: score(FontEntry(fname='C:\\Users\\akuhn\\AppData\\Local\\Packages\\PythonSoftwareFoundation.Python.3.13_qbz5n2kfra8p0\\LocalCache\\local-packages\\Python313\\site-packages\\matplotlib\\mpl-data\\fonts\\ttf\\DejaVuSerifDisplay.ttf', name='DejaVu Serif Display', style='normal', variant='normal', weight=400, stretch='normal', size='scalable')) = 10.05
2026-03-30 10:16:23,768 - DEBUG - findfont: score(FontEntry(fname='C:\\Users\\akuhn\\AppData\\Local\\Packages\\PythonSoftwareFoundation.Python.3.13_qbz5n2kfra8p0\\LocalCache\\local-packages\\Python313\\site-packages\\matplotlib\\mpl-data\\fonts\\ttf\\STIXSizTwoSymReg.ttf', name='STIXSizeTwoSym', style='normal', variant='normal', weight=400, stretch='normal', size='scalable')) = 10.05
2026-03-30 10:16:23,768 - DEBUG - findfont: score(FontEntry(fname='C:\\Users\\akuhn\\AppData\\Local\\Packages\\PythonSoftwareFoundation.Python.3.13_qbz5n2kfra8p0\\LocalCache\\local-packages\\Python313\\site-packages\\matplotlib\\mpl-data\\fonts\\ttf\\STIXSizOneSymReg.ttf', name='STIXSizeOneSym', style='normal', variant='normal', weight=400, stretch='normal', size='scalable')) = 10.05
2026-03-30 10:16:23,768 - DEBUG - findfont: score(FontEntry(fname='C:\\Users\\akuhn\\AppData\\Local\\Packages\\PythonSoftwareFoundation.Python.3.13_qbz5n2kfra8p0\\LocalCache\\local-packages\\Python313\\site-packages\\matplotlib\\mpl-data\\fonts\\ttf\\DejaVuSerif-Bold.ttf', name='DejaVu Serif', style='normal', variant='normal', weight=700, stretch='normal', size='scalable')) = 10.335
2026-03-30 10:16:23,769 - DEBUG - findfont: score(FontEntry(fname='C:\\Users\\akuhn\\AppData\\Local\\Packages\\PythonSoftwareFoundation.Python.3.13_qbz5n2kfra8p0\\LocalCache\\local-packages\\Python313\\site-packages\\matplotlib\\mpl-data\\fonts\\ttf\\STIXSizThreeSymReg.ttf', name='STIXSizeThreeSym', style='normal', variant='normal', weight=400, stretch='normal', size='scalable')) = 10.05
2026-03-30 10:16:23,769 - DEBUG - findfont: score(FontEntry(fname='C:\\Users\\akuhn\\AppData\\Local\\Packages\\PythonSoftwareFoundation.Python.3.13_qbz5n2kfra8p0\\LocalCache\\local-packages\\Python313\\site-packages\\matplotlib\\mpl-data\\fonts\\ttf\\STIXSizFourSymReg.ttf', name='STIXSizeFourSym', style='normal', variant='normal', weight=400, stretch='normal', size='scalable')) = 10.05
2026-03-30 10:16:23,769 - DEBUG - findfont: score(FontEntry(fname='C:\\Users\\akuhn\\AppData\\Local\\Packages\\PythonSoftwareFoundation.Python.3.13_qbz5n2kfra8p0\\LocalCache\\local-packages\\Python313\\site-packages\\matplotlib\\mpl-data\\fonts\\ttf\\STIXGeneralBolIta.ttf', name='STIXGeneral', style='italic', variant='normal', weight=700, stretch='normal', size='scalable')) = 11.335
2026-03-30 10:16:23,769 - DEBUG - findfont: score(FontEntry(fname='C:\\Users\\akuhn\\AppData\\Local\\Packages\\PythonSoftwareFoundation.Python.3.13_qbz5n2kfra8p0\\LocalCache\\local-packages\\Python313\\site-packages\\matplotlib\\mpl-data\\fonts\\ttf\\STIXGeneralBol.ttf', name='STIXGeneral', style='normal', variant='normal', weight=700, stretch='normal', size='scalable')) = 10.335
2026-03-30 10:16:23,769 - DEBUG - findfont: score(FontEntry(fname='C:\\Users\\akuhn\\AppData\\Local\\Packages\\PythonSoftwareFoundation.Python.3.13_qbz5n2kfra8p0\\LocalCache\\local-packages\\Python313\\site-packages\\matplotlib\\mpl-data\\fonts\\ttf\\DejaVuSans.ttf', name='DejaVu Sans', style='normal', variant='normal', weight=400, stretch='normal', size='scalable')) = 0.05
2026-03-30 10:16:23,769 - DEBUG - findfont: score(FontEntry(fname='C:\\Users\\akuhn\\AppData\\Local\\Packages\\PythonSoftwareFoundation.Python.3.13_qbz5n2kfra8p0\\LocalCache\\local-packages\\Python313\\site-packages\\matplotlib\\mpl-data\\fonts\\ttf\\STIXNonUni.ttf', name='STIXNonUnicode', style='normal', variant='normal', weight=400, stretch='normal', size='scalable')) = 10.05
2026-03-30 10:16:23,769 - DEBUG - findfont: score(FontEntry(fname='C:\\Windows\\Fonts\\GIGI.TTF', name='Gigi', style='normal', variant='normal', weight=400, stretch='normal', size='scalable')) = 10.05
2026-03-30 10:16:23,770 - DEBUG - findfont: score(FontEntry(fname='C:\\Windows\\Fonts\\palai.ttf', name='Palatino Linotype', style='italic', variant='normal', weight=400, stretch='normal', size='scalable')) = 11.05
2026-03-30 10:16:23,770 - DEBUG - findfont: score(FontEntry(fname='C:\\Windows\\Fonts\\ALGER.TTF', name='Algerian', style='normal', variant='normal', weight=400, stretch='normal', size='scalable')) = 10.05
2026-03-30 10:16:23,770 - DEBUG - findfont: score(FontEntry(fname='C:\\Windows\\Fonts\\SCHLBKI.TTF', name='Century Schoolbook', style='italic', variant='normal', weight=400, stretch='normal', size='scalable')) = 11.05
2026-03-30 10:16:23,770 - DEBUG - findfont: score(FontEntry(fname='C:\\Windows\\Fonts\\ONYX.TTF', name='Onyx', style='normal', variant='normal', weight=400, stretch='normal', size='scalable')) = 10.05
2026-03-30 10:16:23,770 - DEBUG - findfont: score(FontEntry(fname='C:\\Windows\\Fonts\\ariblk.ttf', name='Arial', style='normal', variant='normal', weight=900, stretch='normal', size='scalable')) = 6.888636363636364
2026-03-30 10:16:23,770 - DEBUG - findfont: score(FontEntry(fname='C:\\Windows\\Fonts\\NIAGSOL.TTF', name='Niagara Solid', style='normal', variant='normal', weight=400, stretch='normal', size='scalable')) = 10.05
2026-03-30 10:16:23,770 - DEBUG - findfont: score(FontEntry(fname='C:\\Windows\\Fonts\\consola.ttf', name='Consolas', style='normal', variant='normal', weight=400, stretch='normal', size='scalable')) = 10.05
2026-03-30 10:16:23,771 - DEBUG - findfont: score(FontEntry(fname='C:\\Windows\\Fonts\\BOD_BI.TTF', name='Bodoni MT', style='italic', variant='normal', weight=700, stretch='normal', size='scalable')) = 11.335
2026-03-30 10:16:23,771 - DEBUG - findfont: score(FontEntry(fname='C:\\Windows\\Fonts\\PARCHM.TTF', name='Parchment', style='normal', variant='normal', weight=400, stretch='normal', size='scalable')) = 10.05
2026-03-30 10:16:23,771 - DEBUG - findfont: score(FontEntry(fname='C:\\Windows\\Fonts\\phagspa.ttf', name='Microsoft PhagsPa', style='normal', variant='normal', weight=400, stretch='normal', size='scalable')) = 10.05
2026-03-30 10:16:23,772 - DEBUG - findfont: score(FontEntry(fname='C:\\Windows\\Fonts\\GOUDOSB.TTF', name='Goudy Old Style', style='normal', variant='normal', weight=700, stretch='normal', size='scalable')) = 10.335
2026-03-30 10:16:23,772 - DEBUG - findfont: score(FontEntry(fname='C:\\Windows\\Fonts\\FREESCPT.TTF', name='Freestyle Script', style='normal', variant='normal', weight=400, stretch='normal', size='scalable')) = 10.05
2026-03-30 10:16:23,772 - DEBUG - findfont: score(FontEntry(fname='C:\\Windows\\Fonts\\georgiaz.ttf', name='Georgia', style='italic', variant='normal', weight=700, stretch='normal', size='scalable')) = 11.335
2026-03-30 10:16:23,772 - DEBUG - findfont: score(FontEntry(fname='C:\\Windows\\Fonts\\trebucbd.ttf', name='Trebuchet MS', style='normal', variant='normal', weight=700, stretch='normal', size='scalable')) = 10.335
2026-03-30 10:16:23,774 - DEBUG - findfont: score(FontEntry(fname='C:\\Windows\\Fonts\\HATTEN.TTF', name='Haettenschweiler', style='normal', variant='normal', weight=400, stretch='normal', size='scalable')) = 10.05
2026-03-30 10:16:23,774 - DEBUG - findfont: score(FontEntry(fname='C:\\Windows\\Fonts\\sylfaen.ttf', name='Sylfaen', style='normal', variant='normal', weight=400, stretch='normal', size='scalable')) = 10.05
2026-03-30 10:16:23,774 - DEBUG - findfont: score(FontEntry(fname='C:\\Windows\\Fonts\\BOD_R.TTF', name='Bodoni MT', style='normal', variant='normal', weight=400, stretch='normal', size='scalable')) = 10.05
2026-03-30 10:16:23,774 - DEBUG - findfont: score(FontEntry(fname='C:\\Windows\\Fonts\\YuGothR.ttc', name='Yu Gothic', style='normal', variant='normal', weight=400, stretch='normal', size='scalable')) = 10.05
2026-03-30 10:16:23,774 - DEBUG - findfont: score(FontEntry(fname='C:\\Windows\\Fonts\\msyhbd.ttc', name='Microsoft YaHei', style='normal', variant='normal', weight=700, stretch='normal', size='scalable')) = 10.335
2026-03-30 10:16:23,774 - DEBUG - findfont: score(FontEntry(fname='C:\\Windows\\Fonts\\msyhl.ttc', name='Microsoft YaHei', style='normal', variant='normal', weight=290, stretch='normal', size='scalable')) = 10.1545
2026-03-30 10:16:23,775 - DEBUG - findfont: score(FontEntry(fname='C:\\Windows\\Fonts\\BOD_BLAI.TTF', name='Bodoni MT', style='italic', variant='normal', weight=900, stretch='normal', size='scalable')) = 11.525
2026-03-30 10:16:23,775 - DEBUG - findfont: score(FontEntry(fname='C:\\Windows\\Fonts\\BRITANIC.TTF', name='Britannic Bold', style='normal', variant='normal', weight=400, stretch='normal', size='scalable')) = 10.05
2026-03-30 10:16:23,775 - DEBUG - findfont: score(FontEntry(fname='C:\\Windows\\Fonts\\Candarab.ttf', name='Candara', style='normal', variant='normal', weight=700, stretch='normal', size='scalable')) = 10.335
2026-03-30 10:16:23,775 - DEBUG - findfont: score(FontEntry(fname='C:\\Windows\\Fonts\\GOTHICBI.TTF', name='Century Gothic', style='italic', variant='normal', weight=700, stretch='normal', size='scalable')) = 11.335
2026-03-30 10:16:23,775 - DEBUG - findfont: score(FontEntry(fname='C:\\Windows\\Fonts\\DUBAI-BOLD.TTF', name='Dubai', style='normal', variant='normal', weight=700, stretch='normal', size='scalable')) = 10.335
2026-03-30 10:16:23,775 - DEBUG - findfont: score(FontEntry(fname='C:\\Windows\\Fonts\\Candaraz.ttf', name='Candara', style='italic', variant='normal', weight=700, stretch='normal', size='scalable')) = 11.335
2026-03-30 10:16:23,775 - DEBUG - findfont: score(FontEntry(fname='C:\\Windows\\Fonts\\FRAHVIT.TTF', name='Franklin Gothic Heavy', style='italic', variant='normal', weight=400, stretch='normal', size='scalable')) = 11.05
2026-03-30 10:16:23,776 - DEBUG - findfont: score(FontEntry(fname='C:\\Windows\\Fonts\\OUTLOOK.TTF', name='MS Outlook', style='normal', variant='normal', weight=400, stretch='normal', size='scalable')) = 10.05
2026-03-30 10:16:23,776 - DEBUG - findfont: score(FontEntry(fname='C:\\Windows\\Fonts\\arialbd.ttf', name='Arial', style='normal', variant='normal', weight=700, stretch='normal', size='scalable')) = 6.698636363636363
2026-03-30 10:16:23,776 - DEBUG - findfont: score(FontEntry(fname='C:\\Windows\\Fonts\\mmrtext.ttf', name='Myanmar Text', style='normal', variant='normal', weight=400, stretch='normal', size='scalable')) = 10.05
2026-03-30 10:16:23,776 - DEBUG - findfont: score(FontEntry(fname='C:\\Windows\\Fonts\\CENSCBK.TTF', name='Century Schoolbook', style='normal', variant='normal', weight=400, stretch='normal', size='scalable')) = 10.05
2026-03-30 10:16:23,776 - DEBUG - findfont: score(FontEntry(fname='C:\\Windows\\Fonts\\LSANSI.TTF', name='Lucida Sans', style='italic', variant='normal', weight=400, stretch='normal', size='scalable')) = 11.05
2026-03-30 10:16:23,776 - DEBUG - findfont: score(FontEntry(fname='C:\\Windows\\Fonts\\BRLNSB.TTF', name='Berlin Sans FB', style='normal', variant='normal', weight=700, stretch='normal', size='scalable')) = 10.335
2026-03-30 10:16:23,776 - DEBUG - findfont: score(FontEntry(fname='C:\\Windows\\Fonts\\segoeuiz.ttf', name='Segoe UI', style='italic', variant='normal', weight=700, stretch='normal', size='scalable')) = 11.335
2026-03-30 10:16:23,776 - DEBUG - findfont: score(FontEntry(fname='C:\\Windows\\Fonts\\BELLB.TTF', name='Bell MT', style='normal', variant='normal', weight=700, stretch='normal', size='scalable')) = 10.335
2026-03-30 10:16:23,777 - DEBUG - findfont: score(FontEntry(fname='C:\\Windows\\Fonts\\CALIST.TTF', name='Calisto MT', style='normal', variant='normal', weight=400, stretch='normal', size='scalable')) = 10.05
2026-03-30 10:16:23,777 - DEBUG - findfont: score(FontEntry(fname='C:\\Windows\\Fonts\\webdings.ttf', name='Webdings', style='normal', variant='normal', weight=400, stretch='normal', size='scalable')) = 10.05
2026-03-30 10:16:23,777 - DEBUG - findfont: score(FontEntry(fname='C:\\Windows\\Fonts\\GLECB.TTF', name='Gloucester MT Extra Condensed', style='normal', variant='normal', weight=400, stretch='condensed', size='scalable')) = 10.25
2026-03-30 10:16:23,777 - DEBUG - findfont: score(FontEntry(fname='C:\\Windows\\Fonts\\FRADMIT.TTF', name='Franklin Gothic Demi', style='italic', variant='normal', weight=400, stretch='normal', size='scalable')) = 11.05
2026-03-30 10:16:23,777 - DEBUG - findfont: score(FontEntry(fname='C:\\Windows\\Fonts\\BAUHS93.TTF', name='Bauhaus 93', style='normal', variant='normal', weight=400, stretch='normal', size='scalable')) = 10.05
2026-03-30 10:16:23,777 - DEBUG - findfont: score(FontEntry(fname='C:\\Windows\\Fonts\\PERI____.TTF', name='Perpetua', style='italic', variant='normal', weight=400, stretch='normal', size='scalable')) = 11.05
2026-03-30 10:16:23,778 - DEBUG - findfont: score(FontEntry(fname='C:\\Windows\\Fonts\\ERASLGHT.TTF', name='Eras Light ITC', style='normal', variant='normal', weight=400, stretch='normal', size='scalable')) = 10.05
2026-03-30 10:16:23,778 - DEBUG - findfont: score(FontEntry(fname='C:\\Windows\\Fonts\\segoeuib.ttf', name='Segoe UI', style='normal', variant='normal', weight=700, stretch='normal', size='scalable')) = 10.335
2026-03-30 10:16:23,778 - DEBUG - findfont: score(FontEntry(fname='C:\\Windows\\Fonts\\ARLRDBD.TTF', name='Arial Rounded MT Bold', style='normal', variant='normal', weight=400, stretch='normal', size='scalable')) = 10.05
2026-03-30 10:16:23,778 - DEBUG - findfont: score(FontEntry(fname='C:\\Windows\\Fonts\\arial.ttf', name='Arial', style='normal', variant='normal', weight=400, stretch='normal', size='scalable')) = 6.413636363636363
2026-03-30 10:16:23,778 - DEBUG - findfont: score(FontEntry(fname='C:\\Windows\\Fonts\\ITCEDSCR.TTF', name='Edwardian Script ITC', style='normal', variant='normal', weight=400, stretch='normal', size='scalable')) = 10.05
2026-03-30 10:16:23,778 - DEBUG - findfont: score(FontEntry(fname='C:\\Windows\\Fonts\\micross.ttf', name='Microsoft Sans Serif', style='normal', variant='normal', weight=400, stretch='normal', size='scalable')) = 10.05
2026-03-30 10:16:23,778 - DEBUG - findfont: score(FontEntry(fname='C:\\Windows\\Fonts\\GOUDYSTO.TTF', name='Goudy Stout', style='normal', variant='normal', weight=400, stretch='normal', size='scalable')) = 10.05
2026-03-30 10:16:23,778 - DEBUG - findfont: score(FontEntry(fname='C:\\Windows\\Fonts\\trebucit.ttf', name='Trebuchet MS', style='italic', variant='normal', weight=400, stretch='normal', size='scalable')) = 11.05
2026-03-30 10:16:23,778 - DEBUG - findfont: score(FontEntry(fname='C:\\Windows\\Fonts\\courbd.ttf', name='Courier New', style='normal', variant='normal', weight=700, stretch='normal', size='scalable')) = 10.335
2026-03-30 10:16:23,778 - DEBUG - findfont: score(FontEntry(fname='C:\\Windows\\Fonts\\JUICE___.TTF', name='Juice ITC', style='normal', variant='normal', weight=400, stretch='normal', size='scalable')) = 10.05
2026-03-30 10:16:23,778 - DEBUG - findfont: score(FontEntry(fname='C:\\Windows\\Fonts\\timesbd.ttf', name='Times New Roman', style='normal', variant='normal', weight=700, stretch='normal', size='scalable')) = 10.335
2026-03-30 10:16:23,779 - DEBUG - findfont: score(FontEntry(fname='C:\\Windows\\Fonts\\COOPBL.TTF', name='Cooper Black', style='normal', variant='normal', weight=400, stretch='normal', size='scalable')) = 10.05
2026-03-30 10:16:23,779 - DEBUG - findfont: score(FontEntry(fname='C:\\Windows\\Fonts\\timesi.ttf', name='Times New Roman', style='italic', variant='normal', weight=400, stretch='normal', size='scalable')) = 11.05
2026-03-30 10:16:23,779 - DEBUG - findfont: score(FontEntry(fname='C:\\Windows\\Fonts\\GILBI___.TTF', name='Gill Sans MT', style='italic', variant='normal', weight=700, stretch='normal', size='scalable')) = 11.335
2026-03-30 10:16:23,779 - DEBUG - findfont: score(FontEntry(fname='C:\\Windows\\Fonts\\couri.ttf', name='Courier New', style='italic', variant='normal', weight=400, stretch='normal', size='scalable')) = 11.05
2026-03-30 10:16:23,779 - DEBUG - findfont: score(FontEntry(fname='C:\\Windows\\Fonts\\LFAXI.TTF', name='Lucida Fax', style='italic', variant='normal', weight=400, stretch='normal', size='scalable')) = 11.05
2026-03-30 10:16:23,779 - DEBUG - findfont: score(FontEntry(fname='C:\\Windows\\Fonts\\SitkaVF-Italic.ttf', name='Sitka', style='italic', variant='normal', weight=400, stretch='normal', size='scalable')) = 11.05
2026-03-30 10:16:23,779 - DEBUG - findfont: score(FontEntry(fname='C:\\Windows\\Fonts\\DUBAI-REGULAR.TTF', name='Dubai', style='normal', variant='normal', weight=400, stretch='normal', size='scalable')) = 10.05
2026-03-30 10:16:23,779 - DEBUG - findfont: score(FontEntry(fname='C:\\Windows\\Fonts\\ITCKRIST.TTF', name='Kristen ITC', style='normal', variant='normal', weight=400, stretch='normal', size='scalable')) = 10.05
2026-03-30 10:16:23,780 - DEBUG - findfont: score(FontEntry(fname='C:\\Windows\\Fonts\\VINERITC.TTF', name='Viner Hand ITC', style='normal', variant='normal', weight=400, stretch='normal', size='scalable')) = 10.05
2026-03-30 10:16:23,780 - DEBUG - findfont: score(FontEntry(fname='C:\\Windows\\Fonts\\FRAHV.TTF', name='Franklin Gothic Heavy', style='normal', variant='normal', weight=400, stretch='normal', size='scalable')) = 10.05
2026-03-30 10:16:23,780 - DEBUG - findfont: score(FontEntry(fname='C:\\Windows\\Fonts\\ANTQUAB.TTF', name='Book Antiqua', style='normal', variant='normal', weight=700, stretch='normal', size='scalable')) = 10.335
2026-03-30 10:16:23,780 - DEBUG - findfont: score(FontEntry(fname='C:\\Windows\\Fonts\\cambriab.ttf', name='Cambria', style='normal', variant='normal', weight=700, stretch='normal', size='scalable')) = 10.335
2026-03-30 10:16:23,780 - DEBUG - findfont: score(FontEntry(fname='C:\\Windows\\Fonts\\AGENCYR.TTF', name='Agency FB', style='normal', variant='normal', weight=400, stretch='normal', size='scalable')) = 10.05
2026-03-30 10:16:23,780 - DEBUG - findfont: score(FontEntry(fname='C:\\Windows\\Fonts\\ROCC____.TTF', name='Rockwell Condensed', style='normal', variant='normal', weight=400, stretch='condensed', size='scalable')) = 10.25
2026-03-30 10:16:23,780 - DEBUG - findfont: score(FontEntry(fname='C:\\Windows\\Fonts\\constanb.ttf', name='Constantia', style='normal', variant='normal', weight=700, stretch='normal', size='scalable')) = 10.335
2026-03-30 10:16:23,781 - DEBUG - findfont: score(FontEntry(fname='C:\\Windows\\Fonts\\GILLUBCD.TTF', name='Gill Sans Ultra Bold Condensed', style='normal', variant='normal', weight=400, stretch='condensed', size='scalable')) = 10.25
2026-03-30 10:16:23,781 - DEBUG - findfont: score(FontEntry(fname='C:\\Windows\\Fonts\\MAIAN.TTF', name='Maiandra GD', style='normal', variant='normal', weight=400, stretch='normal', size='scalable')) = 10.05
2026-03-30 10:16:23,781 - DEBUG - findfont: score(FontEntry(fname='C:\\Windows\\Fonts\\wingding.ttf', name='Wingdings', style='normal', variant='normal', weight=400, stretch='normal', size='scalable')) = 10.05
2026-03-30 10:16:23,781 - DEBUG - findfont: score(FontEntry(fname='C:\\Windows\\Fonts\\consolab.ttf', name='Consolas', style='normal', variant='normal', weight=700, stretch='normal', size='scalable')) = 10.335
2026-03-30 10:16:23,781 - DEBUG - findfont: score(FontEntry(fname='C:\\Windows\\Fonts\\GOTHICI.TTF', name='Century Gothic', style='italic', variant='normal', weight=400, stretch='normal', size='scalable')) = 11.05
2026-03-30 10:16:23,781 - DEBUG - findfont: score(FontEntry(fname='C:\\Windows\\Fonts\\calibri.ttf', name='Calibri', style='normal', variant='normal', weight=400, stretch='normal', size='scalable')) = 10.05
2026-03-30 10:16:23,782 - DEBUG - findfont: score(FontEntry(fname='C:\\Windows\\Fonts\\cambriaz.ttf', name='Cambria', style='italic', variant='normal', weight=700, stretch='normal', size='scalable')) = 11.335
2026-03-30 10:16:23,782 - DEBUG - findfont: score(FontEntry(fname='C:\\Windows\\Fonts\\GOUDOSI.TTF', name='Goudy Old Style', style='italic', variant='normal', weight=400, stretch='normal', size='scalable')) = 11.05
2026-03-30 10:16:23,782 - DEBUG - findfont: score(FontEntry(fname='C:\\Windows\\Fonts\\SansSerifCollection.ttf', name='Sans Serif Collection', style='normal', variant='normal', weight=400, stretch='normal', size='scalable')) = 10.05
2026-03-30 10:16:23,782 - DEBUG - findfont: score(FontEntry(fname='C:\\Windows\\Fonts\\ANTQUABI.TTF', name='Book Antiqua', style='italic', variant='normal', weight=700, stretch='normal', size='scalable')) = 11.335
2026-03-30 10:16:23,782 - DEBUG - findfont: score(FontEntry(fname='C:\\Windows\\Fonts\\segoeuii.ttf', name='Segoe UI', style='italic', variant='normal', weight=400, stretch='normal', size='scalable')) = 11.05
2026-03-30 10:16:23,782 - DEBUG - findfont: score(FontEntry(fname='C:\\Windows\\Fonts\\YuGothM.ttc', name='Yu Gothic', style='normal', variant='normal', weight=500, stretch='normal', size='scalable')) = 10.145
2026-03-30 10:16:23,782 - DEBUG - findfont: score(FontEntry(fname='C:\\Windows\\Fonts\\segoeprb.ttf', name='Segoe Print', style='normal', variant='normal', weight=700, stretch='normal', size='scalable')) = 10.335
2026-03-30 10:16:23,783 - DEBUG - findfont: score(FontEntry(fname='C:\\Windows\\Fonts\\LTYPEB.TTF', name='Lucida Sans Typewriter', style='normal', variant='normal', weight=600, stretch='normal', size='scalable')) = 10.24
2026-03-30 10:16:23,783 - DEBUG - findfont: score(FontEntry(fname='C:\\Windows\\Fonts\\FTLTLT.TTF', name='Footlight MT Light', style='normal', variant='normal', weight=300, stretch='normal', size='scalable')) = 10.145
2026-03-30 10:16:23,783 - DEBUG - findfont: score(FontEntry(fname='C:\\Windows\\Fonts\\LBRITEDI.TTF', name='Lucida Bright', style='italic', variant='normal', weight=600, stretch='normal', size='scalable')) = 11.24
2026-03-30 10:16:23,783 - DEBUG - findfont: score(FontEntry(fname='C:\\Windows\\Fonts\\BOOKOSI.TTF', name='Bookman Old Style', style='italic', variant='normal', weight=300, stretch='normal', size='scalable')) = 11.145
2026-03-30 10:16:23,783 - DEBUG - findfont: score(FontEntry(fname='C:\\Windows\\Fonts\\segoesc.ttf', name='Segoe Script', style='normal', variant='normal', weight=400, stretch='normal', size='scalable')) = 10.05
2026-03-30 10:16:23,783 - DEBUG - findfont: score(FontEntry(fname='C:\\Windows\\Fonts\\cambriai.ttf', name='Cambria', style='italic', variant='normal', weight=400, stretch='normal', size='scalable')) = 11.05
2026-03-30 10:16:23,784 - DEBUG - findfont: score(FontEntry(fname='C:\\Windows\\Fonts\\TCCM____.TTF', name='Tw Cen MT Condensed', style='normal', variant='normal', weight=400, stretch='condensed', size='scalable')) = 10.25
2026-03-30 10:16:23,784 - DEBUG - findfont: score(FontEntry(fname='C:\\Windows\\Fonts\\JOKERMAN.TTF', name='Jokerman', style='normal', variant='normal', weight=400, stretch='normal', size='scalable')) = 10.05
2026-03-30 10:16:23,784 - DEBUG - findfont: score(FontEntry(fname='C:\\Windows\\Fonts\\consolai.ttf', name='Consolas', style='italic', variant='normal', weight=400, stretch='normal', size='scalable')) = 11.05
2026-03-30 10:16:23,784 - DEBUG - findfont: score(FontEntry(fname='C:\\Windows\\Fonts\\BOD_CBI.TTF', name='Bodoni MT', style='italic', variant='normal', weight=700, stretch='condensed', size='scalable')) = 11.535
2026-03-30 10:16:23,784 - DEBUG - findfont: score(FontEntry(fname='C:\\Windows\\Fonts\\BOD_CR.TTF', name='Bodoni MT', style='normal', variant='normal', weight=400, stretch='condensed', size='scalable')) = 10.25
2026-03-30 10:16:23,784 - DEBUG - findfont: score(FontEntry(fname='C:\\Windows\\Fonts\\CENTURY.TTF', name='Century', style='normal', variant='normal', weight=400, stretch='normal', size='scalable')) = 10.05
2026-03-30 10:16:23,784 - DEBUG - findfont: score(FontEntry(fname='C:\\Windows\\Fonts\\CALIFR.TTF', name='Californian FB', style='normal', variant='normal', weight=400, stretch='normal', size='scalable')) = 10.05
2026-03-30 10:16:23,785 - DEBUG - findfont: score(FontEntry(fname='C:\\Windows\\Fonts\\FRABKIT.TTF', name='Franklin Gothic Book', style='italic', variant='normal', weight=400, stretch='normal', size='scalable')) = 11.05
2026-03-30 10:16:23,785 - DEBUG - findfont: score(FontEntry(fname='C:\\Windows\\Fonts\\ntailub.ttf', name='Microsoft New Tai Lue', style='normal', variant='normal', weight=700, stretch='normal', size='scalable')) = 10.335
2026-03-30 10:16:23,785 - DEBUG - findfont: score(FontEntry(fname='C:\\Windows\\Fonts\\PER_____.TTF', name='Perpetua', style='normal', variant='normal', weight=400, stretch='normal', size='scalable')) = 10.05
2026-03-30 10:16:23,785 - DEBUG - findfont: score(FontEntry(fname='C:\\Windows\\Fonts\\FRAMDCN.TTF', name='Franklin Gothic Medium Cond', style='normal', variant='normal', weight=400, stretch='condensed', size='scalable')) = 10.25
2026-03-30 10:16:23,785 - DEBUG - findfont: score(FontEntry(fname='C:\\Windows\\Fonts\\calibril.ttf', name='Calibri', style='normal', variant='normal', weight=300, stretch='normal', size='scalable')) = 10.145
2026-03-30 10:16:23,785 - DEBUG - findfont: score(FontEntry(fname='C:\\Windows\\Fonts\\lucon.ttf', name='Lucida Console', style='normal', variant='normal', weight=400, stretch='normal', size='scalable')) = 10.05
2026-03-30 10:16:23,786 - DEBUG - findfont: score(FontEntry(fname='C:\\Windows\\Fonts\\seguisbi.ttf', name='Segoe UI', style='italic', variant='normal', weight=600, stretch='normal', size='scalable')) = 11.24
2026-03-30 10:16:23,786 - DEBUG - findfont: score(FontEntry(fname='C:\\Windows\\Fonts\\PERBI___.TTF', name='Perpetua', style='italic', variant='normal', weight=700, stretch='normal', size='scalable')) = 11.335
2026-03-30 10:16:23,786 - DEBUG - findfont: score(FontEntry(fname='C:\\Windows\\Fonts\\comici.ttf', name='Comic Sans MS', style='italic', variant='normal', weight=400, stretch='normal', size='scalable')) = 11.05
2026-03-30 10:16:23,786 - DEBUG - findfont: score(FontEntry(fname='C:\\Windows\\Fonts\\MAGNETOB.TTF', name='Magneto', style='normal', variant='normal', weight=700, stretch='normal', size='scalable')) = 10.335
2026-03-30 10:16:23,786 - DEBUG - findfont: score(FontEntry(fname='C:\\Windows\\Fonts\\BOD_PSTC.TTF', name='Bodoni MT', style='normal', variant='normal', weight=300, stretch='normal', size='scalable')) = 10.145
2026-03-30 10:16:23,786 - DEBUG - findfont: score(FontEntry(fname='C:\\Windows\\Fonts\\WINGDNG3.TTF', name='Wingdings 3', style='normal', variant='normal', weight=400, stretch='normal', size='scalable')) = 10.05
2026-03-30 10:16:23,786 - DEBUG - findfont: score(FontEntry(fname='C:\\Windows\\Fonts\\PAPYRUS.TTF', name='Papyrus', style='normal', variant='normal', weight=400, stretch='normal', size='scalable')) = 10.05
2026-03-30 10:16:23,786 - DEBUG - findfont: score(FontEntry(fname='C:\\Windows\\Fonts\\PERTIBD.TTF', name='Perpetua Titling MT', style='normal', variant='normal', weight=700, stretch='normal', size='scalable')) = 10.335
2026-03-30 10:16:23,786 - DEBUG - findfont: score(FontEntry(fname='C:\\Windows\\Fonts\\NIAGENG.TTF', name='Niagara Engraved', style='normal', variant='normal', weight=400, stretch='normal', size='scalable')) = 10.05
2026-03-30 10:16:23,786 - DEBUG - findfont: score(FontEntry(fname='C:\\Windows\\Fonts\\LEELAWDB.TTF', name='Leelawadee', style='normal', variant='normal', weight=700, stretch='normal', size='scalable')) = 10.335
2026-03-30 10:16:23,786 - DEBUG - findfont: score(FontEntry(fname='C:\\Windows\\Fonts\\SegUIVar.ttf', name='Segoe UI Variable', style='normal', variant='normal', weight=400, stretch='normal', size='scalable')) = 10.05
2026-03-30 10:16:23,786 - DEBUG - findfont: score(FontEntry(fname='C:\\Windows\\Fonts\\MATURASC.TTF', name='Matura MT Script Capitals', style='normal', variant='normal', weight=400, stretch='normal', size='scalable')) = 10.05
2026-03-30 10:16:23,786 - DEBUG - findfont: score(FontEntry(fname='C:\\Windows\\Fonts\\SegoeIcons.ttf', name='Segoe Fluent Icons', style='normal', variant='normal', weight=400, stretch='normal', size='scalable')) = 10.05
2026-03-30 10:16:23,787 - DEBUG - findfont: score(FontEntry(fname='C:\\Windows\\Fonts\\PERB____.TTF', name='Perpetua', style='normal', variant='normal', weight=700, stretch='normal', size='scalable')) = 10.335
2026-03-30 10:16:23,787 - DEBUG - findfont: score(FontEntry(fname='C:\\Windows\\Fonts\\calibrib.ttf', name='Calibri', style='normal', variant='normal', weight=700, stretch='normal', size='scalable')) = 10.335
2026-03-30 10:16:23,787 - DEBUG - findfont: score(FontEntry(fname='C:\\Windows\\Fonts\\seguihis.ttf', name='Segoe UI Historic', style='normal', variant='normal', weight=400, stretch='normal', size='scalable')) = 10.05
2026-03-30 10:16:23,787 - DEBUG - findfont: score(FontEntry(fname='C:\\Windows\\Fonts\\himalaya.ttf', name='Microsoft Himalaya', style='normal', variant='normal', weight=400, stretch='normal', size='scalable')) = 10.05
2026-03-30 10:16:23,787 - DEBUG - findfont: score(FontEntry(fname='C:\\Windows\\Fonts\\msyh.ttc', name='Microsoft YaHei', style='normal', variant='normal', weight=400, stretch='normal', size='scalable')) = 10.05
2026-03-30 10:16:23,787 - DEBUG - findfont: score(FontEntry(fname='C:\\Windows\\Fonts\\comicz.ttf', name='Comic Sans MS', style='italic', variant='normal', weight=700, stretch='normal', size='scalable')) = 11.335
2026-03-30 10:16:23,788 - DEBUG - findfont: score(FontEntry(fname='C:\\Windows\\Fonts\\OLDENGL.TTF', name='Old English Text MT', style='normal', variant='normal', weight=400, stretch='normal', size='scalable')) = 10.05
2026-03-30 10:16:23,788 - DEBUG - findfont: score(FontEntry(fname='C:\\Windows\\Fonts\\comicbd.ttf', name='Comic Sans MS', style='normal', variant='normal', weight=700, stretch='normal', size='scalable')) = 10.335
2026-03-30 10:16:23,788 - DEBUG - findfont: score(FontEntry(fname='C:\\Windows\\Fonts\\LTYPEBO.TTF', name='Lucida Sans Typewriter', style='oblique', variant='normal', weight=600, stretch='normal', size='scalable')) = 11.24
2026-03-30 10:16:23,788 - DEBUG - findfont: score(FontEntry(fname='C:\\Windows\\Fonts\\msjhl.ttc', name='Microsoft JhengHei', style='normal', variant='normal', weight=290, stretch='normal', size='scalable')) = 10.1545
2026-03-30 10:16:23,788 - DEBUG - findfont: score(FontEntry(fname='C:\\Windows\\Fonts\\BOOKOSB.TTF', name='Bookman Old Style', style='normal', variant='normal', weight=600, stretch='normal', size='scalable')) = 10.24
2026-03-30 10:16:23,788 - DEBUG - findfont: score(FontEntry(fname='C:\\Windows\\Fonts\\malgunbd.ttf', name='Malgun Gothic', style='normal', variant='normal', weight=700, stretch='normal', size='scalable')) = 10.335
2026-03-30 10:16:23,788 - DEBUG - findfont: score(FontEntry(fname='C:\\Windows\\Fonts\\seguisym.ttf', name='Segoe UI Symbol', style='normal', variant='normal', weight=400, stretch='normal', size='scalable')) = 10.05
2026-03-30 10:16:23,788 - DEBUG - findfont: score(FontEntry(fname='C:\\Windows\\Fonts\\LSANS.TTF', name='Lucida Sans', style='normal', variant='normal', weight=400, stretch='normal', size='scalable')) = 10.05
2026-03-30 10:16:23,789 - DEBUG - findfont: score(FontEntry(fname='C:\\Windows\\Fonts\\LFAX.TTF', name='Lucida Fax', style='normal', variant='normal', weight=400, stretch='normal', size='scalable')) = 10.05
2026-03-30 10:16:23,789 - DEBUG - findfont: score(FontEntry(fname='C:\\Windows\\Fonts\\ANTQUAI.TTF', name='Book Antiqua', style='italic', variant='normal', weight=400, stretch='normal', size='scalable')) = 11.05
2026-03-30 10:16:23,789 - DEBUG - findfont: score(FontEntry(fname='C:\\Windows\\Fonts\\timesbi.ttf', name='Times New Roman', style='italic', variant='normal', weight=700, stretch='normal', size='scalable')) = 11.335
2026-03-30 10:16:23,789 - DEBUG - findfont: score(FontEntry(fname='C:\\Windows\\Fonts\\constani.ttf', name='Constantia', style='italic', variant='normal', weight=400, stretch='normal', size='scalable')) = 11.05
2026-03-30 10:16:23,789 - DEBUG - findfont: score(FontEntry(fname='C:\\Windows\\Fonts\\LeelaUIb.ttf', name='Leelawadee UI', style='normal', variant='normal', weight=700, stretch='normal', size='scalable')) = 10.335
2026-03-30 10:16:23,789 - DEBUG - findfont: score(FontEntry(fname='C:\\Windows\\Fonts\\LeelawUI.ttf', name='Leelawadee UI', style='normal', variant='normal', weight=400, stretch='normal', size='scalable')) = 10.05
2026-03-30 10:16:23,790 - DEBUG - findfont: score(FontEntry(fname='C:\\Windows\\Fonts\\GOTHIC.TTF', name='Century Gothic', style='normal', variant='normal', weight=400, stretch='normal', size='scalable')) = 10.05
2026-03-30 10:16:23,790 - DEBUG - findfont: score(FontEntry(fname='C:\\Windows\\Fonts\\TCB_____.TTF', name='Tw Cen MT', style='normal', variant='normal', weight=700, stretch='normal', size='scalable')) = 10.335
2026-03-30 10:16:23,790 - DEBUG - findfont: score(FontEntry(fname='C:\\Windows\\Fonts\\ARIALNB.TTF', name='Arial', style='normal', variant='normal', weight=700, stretch='condensed', size='scalable')) = 6.8986363636363635
2026-03-30 10:16:23,790 - DEBUG - findfont: score(FontEntry(fname='C:\\Windows\\Fonts\\Candarai.ttf', name='Candara', style='italic', variant='normal', weight=400, stretch='normal', size='scalable')) = 11.05
2026-03-30 10:16:23,790 - DEBUG - findfont: score(FontEntry(fname='C:\\Windows\\Fonts\\TCBI____.TTF', name='Tw Cen MT', style='italic', variant='normal', weight=700, stretch='normal', size='scalable')) = 11.335
2026-03-30 10:16:23,790 - DEBUG - findfont: score(FontEntry(fname='C:\\Windows\\Fonts\\tahomabd.ttf', name='Tahoma', style='normal', variant='normal', weight=700, stretch='normal', size='scalable')) = 10.335
2026-03-30 10:16:23,790 - DEBUG - findfont: score(FontEntry(fname='C:\\Windows\\Fonts\\seguisli.ttf', name='Segoe UI', style='italic', variant='normal', weight=350, stretch='normal', size='scalable')) = 11.0975
2026-03-30 10:16:23,790 - DEBUG - findfont: score(FontEntry(fname='C:\\Windows\\Fonts\\mmrtextb.ttf', name='Myanmar Text', style='normal', variant='normal', weight=700, stretch='normal', size='scalable')) = 10.335
2026-03-30 10:16:23,791 - DEBUG - findfont: score(FontEntry(fname='C:\\Windows\\Fonts\\IMPRISHA.TTF', name='Imprint MT Shadow', style='normal', variant='normal', weight=400, stretch='normal', size='scalable')) = 10.05
2026-03-30 10:16:23,791 - DEBUG - findfont: score(FontEntry(fname='C:\\Windows\\Fonts\\framd.ttf', name='Franklin Gothic Medium', style='normal', variant='normal', weight=400, stretch='normal', size='scalable')) = 10.05
2026-03-30 10:16:23,791 - DEBUG - findfont: score(FontEntry(fname='C:\\Windows\\Fonts\\Candarali.ttf', name='Candara', style='italic', variant='normal', weight=400, stretch='normal', size='scalable')) = 11.05
2026-03-30 10:16:23,791 - DEBUG - findfont: score(FontEntry(fname='C:\\Windows\\Fonts\\msgothic.ttc', name='MS Gothic', style='normal', variant='normal', weight=400, stretch='normal', size='scalable')) = 10.05
2026-03-30 10:16:23,791 - DEBUG - findfont: score(FontEntry(fname='C:\\Windows\\Fonts\\LBRITEI.TTF', name='Lucida Bright', style='italic', variant='normal', weight=400, stretch='normal', size='scalable')) = 11.05
2026-03-30 10:16:23,791 - DEBUG - findfont: score(FontEntry(fname='C:\\Windows\\Fonts\\PLAYBILL.TTF', name='Playbill', style='normal', variant='normal', weight=400, stretch='normal', size='scalable')) = 10.05
2026-03-30 10:16:23,791 - DEBUG - findfont: score(FontEntry(fname='C:\\Windows\\Fonts\\trebucbi.ttf', name='Trebuchet MS', style='italic', variant='normal', weight=700, stretch='normal', size='scalable')) = 11.335
2026-03-30 10:16:23,791 - DEBUG - findfont: score(FontEntry(fname='C:\\Windows\\Fonts\\msjhbd.ttc', name='Microsoft JhengHei', style='normal', variant='normal', weight=700, stretch='normal', size='scalable')) = 10.335
2026-03-30 10:16:23,791 - DEBUG - findfont: score(FontEntry(fname='C:\\Windows\\Fonts\\LeelUIsl.ttf', name='Leelawadee UI', style='normal', variant='normal', weight=350, stretch='normal', size='scalable')) = 10.0975
2026-03-30 10:16:23,791 - DEBUG - findfont: score(FontEntry(fname='C:\\Windows\\Fonts\\TCCB____.TTF', name='Tw Cen MT Condensed', style='normal', variant='normal', weight=700, stretch='condensed', size='scalable')) = 10.535
2026-03-30 10:16:23,791 - DEBUG - findfont: score(FontEntry(fname='C:\\Windows\\Fonts\\corbelb.ttf', name='Corbel', style='normal', variant='normal', weight=700, stretch='normal', size='scalable')) = 10.335
2026-03-30 10:16:23,791 - DEBUG - findfont: score(FontEntry(fname='C:\\Windows\\Fonts\\LFAXDI.TTF', name='Lucida Fax', style='italic', variant='normal', weight=600, stretch='normal', size='scalable')) = 11.24
2026-03-30 10:16:23,791 - DEBUG - findfont: score(FontEntry(fname='C:\\Windows\\Fonts\\BRLNSDB.TTF', name='Berlin Sans FB Demi', style='normal', variant='normal', weight=700, stretch='normal', size='scalable')) = 10.335
2026-03-30 10:16:23,791 - DEBUG - findfont: score(FontEntry(fname='C:\\Windows\\Fonts\\simsun.ttc', name='SimSun', style='normal', variant='normal', weight=400, stretch='normal', size='scalable')) = 10.05
2026-03-30 10:16:23,792 - DEBUG - findfont: score(FontEntry(fname='C:\\Windows\\Fonts\\ROCK.TTF', name='Rockwell', style='normal', variant='normal', weight=400, stretch='normal', size='scalable')) = 10.05
2026-03-30 10:16:23,792 - DEBUG - findfont: score(FontEntry(fname='C:\\Windows\\Fonts\\SCRIPTBL.TTF', name='Script MT Bold', style='normal', variant='normal', weight=700, stretch='normal', size='scalable')) = 10.335
2026-03-30 10:16:23,792 - DEBUG - findfont: score(FontEntry(fname='C:\\Windows\\Fonts\\palab.ttf', name='Palatino Linotype', style='normal', variant='normal', weight=700, stretch='normal', size='scalable')) = 10.335
2026-03-30 10:16:23,792 - DEBUG - findfont: score(FontEntry(fname='C:\\Windows\\Fonts\\OCRAEXT.TTF', name='OCR A Extended', style='normal', variant='normal', weight=400, stretch='expanded', size='scalable')) = 10.25
2026-03-30 10:16:23,792 - DEBUG - findfont: score(FontEntry(fname='C:\\Windows\\Fonts\\corbeli.ttf', name='Corbel', style='italic', variant='normal', weight=400, stretch='normal', size='scalable')) = 11.05
2026-03-30 10:16:23,792 - DEBUG - findfont: score(FontEntry(fname='C:\\Windows\\Fonts\\BASKVILL.TTF', name='Baskerville Old Face', style='normal', variant='normal', weight=400, stretch='normal', size='scalable')) = 10.05
2026-03-30 10:16:23,792 - DEBUG - findfont: score(FontEntry(fname='C:\\Windows\\Fonts\\FRABK.TTF', name='Franklin Gothic Book', style='normal', variant='normal', weight=400, stretch='normal', size='scalable')) = 10.05
2026-03-30 10:16:23,792 - DEBUG - findfont: score(FontEntry(fname='C:\\Windows\\Fonts\\msyi.ttf', name='Microsoft Yi Baiti', style='normal', variant='normal', weight=400, stretch='normal', size='scalable')) = 10.05
2026-03-30 10:16:23,792 - DEBUG - findfont: score(FontEntry(fname='C:\\Windows\\Fonts\\MSUIGHUB.TTF', name='Microsoft Uighur', style='normal', variant='normal', weight=700, stretch='normal', size='scalable')) = 10.335
2026-03-30 10:16:23,792 - DEBUG - findfont: score(FontEntry(fname='C:\\Windows\\Fonts\\cambria.ttc', name='Cambria', style='normal', variant='normal', weight=400, stretch='normal', size='scalable')) = 10.05
2026-03-30 10:16:23,792 - DEBUG - findfont: score(FontEntry(fname='C:\\Windows\\Fonts\\constan.ttf', name='Constantia', style='normal', variant='normal', weight=400, stretch='normal', size='scalable')) = 10.05
2026-03-30 10:16:23,792 - DEBUG - findfont: score(FontEntry(fname='C:\\Windows\\Fonts\\ELEPHNTI.TTF', name='Elephant', style='italic', variant='normal', weight=400, stretch='normal', size='scalable')) = 11.05
2026-03-30 10:16:23,792 - DEBUG - findfont: score(FontEntry(fname='C:\\Windows\\Fonts\\georgia.ttf', name='Georgia', style='normal', variant='normal', weight=400, stretch='normal', size='scalable')) = 10.05
2026-03-30 10:16:23,793 - DEBUG - findfont: score(FontEntry(fname='C:\\Windows\\Fonts\\LTYPE.TTF', name='Lucida Sans Typewriter', style='normal', variant='normal', weight=400, stretch='normal', size='scalable')) = 10.05
2026-03-30 10:16:23,793 - DEBUG - findfont: score(FontEntry(fname='C:\\Windows\\Fonts\\BERNHC.TTF', name='Bernard MT Condensed', style='normal', variant='normal', weight=400, stretch='condensed', size='scalable')) = 10.25
2026-03-30 10:16:23,793 - DEBUG - findfont: score(FontEntry(fname='C:\\Windows\\Fonts\\CascadiaMono.ttf', name='Cascadia Mono', style='normal', variant='normal', weight=400, stretch='normal', size='scalable')) = 10.05
2026-03-30 10:16:23,793 - DEBUG - findfont: score(FontEntry(fname='C:\\Windows\\Fonts\\LTYPEO.TTF', name='Lucida Sans Typewriter', style='oblique', variant='normal', weight=400, stretch='normal', size='scalable')) = 11.05
2026-03-30 10:16:23,793 - DEBUG - findfont: score(FontEntry(fname='C:\\Windows\\Fonts\\BSSYM7.TTF', name='Bookshelf Symbol 7', style='normal', variant='normal', weight=400, stretch='normal', size='scalable')) = 10.05
2026-03-30 10:16:23,793 - DEBUG - findfont: score(FontEntry(fname='C:\\Windows\\Fonts\\GILI____.TTF', name='Gill Sans MT', style='italic', variant='normal', weight=400, stretch='normal', size='scalable')) = 11.05
2026-03-30 10:16:23,793 - DEBUG - findfont: score(FontEntry(fname='C:\\Windows\\Fonts\\seguibli.ttf', name='Segoe UI', style='italic', variant='normal', weight=900, stretch='normal', size='scalable')) = 11.525
2026-03-30 10:16:23,793 - DEBUG - findfont: score(FontEntry(fname='C:\\Windows\\Fonts\\constanz.ttf', name='Constantia', style='italic', variant='normal', weight=700, stretch='normal', size='scalable')) = 11.335
2026-03-30 10:16:23,793 - DEBUG - findfont: score(FontEntry(fname='C:\\Windows\\Fonts\\BELLI.TTF', name='Bell MT', style='italic', variant='normal', weight=400, stretch='normal', size='scalable')) = 11.05
2026-03-30 10:16:23,793 - DEBUG - findfont: score(FontEntry(fname='C:\\Windows\\Fonts\\CHILLER.TTF', name='Chiller', style='normal', variant='normal', weight=400, stretch='normal', size='scalable')) = 10.05
2026-03-30 10:16:23,793 - DEBUG - findfont: score(FontEntry(fname='C:\\Windows\\Fonts\\malgun.ttf', name='Malgun Gothic', style='normal', variant='normal', weight=400, stretch='normal', size='scalable')) = 10.05
2026-03-30 10:16:23,794 - DEBUG - findfont: score(FontEntry(fname='C:\\Windows\\Fonts\\consolaz.ttf', name='Consolas', style='italic', variant='normal', weight=700, stretch='normal', size='scalable')) = 11.335
2026-03-30 10:16:23,794 - DEBUG - findfont: score(FontEntry(fname='C:\\Windows\\Fonts\\CALIFI.TTF', name='Californian FB', style='italic', variant='normal', weight=400, stretch='normal', size='scalable')) = 11.05
2026-03-30 10:16:23,794 - DEBUG - findfont: score(FontEntry(fname='C:\\Windows\\Fonts\\calibrii.ttf', name='Calibri', style='italic', variant='normal', weight=400, stretch='normal', size='scalable')) = 11.05
2026-03-30 10:16:23,794 - DEBUG - findfont: score(FontEntry(fname='C:\\Windows\\Fonts\\msjh.ttc', name='Microsoft JhengHei', style='normal', variant='normal', weight=400, stretch='normal', size='scalable')) = 10.05
2026-03-30 10:16:23,794 - DEBUG - findfont: score(FontEntry(fname='C:\\Windows\\Fonts\\LHANDW.TTF', name='Lucida Handwriting', style='italic', variant='normal', weight=400, stretch='normal', size='scalable')) = 11.05
2026-03-30 10:16:23,794 - DEBUG - findfont: score(FontEntry(fname='C:\\Users\\akuhn\\AppData\\Local\\Microsoft\\Windows\\Fonts\\UbuntuMono[wght].ttf', name='Ubuntu Mono', style='normal', variant='normal', weight=400, stretch='normal', size='scalable')) = 10.05
2026-03-30 10:16:23,794 - DEBUG - findfont: score(FontEntry(fname='C:\\Windows\\Fonts\\SCHLBKBI.TTF', name='Century Schoolbook', style='italic', variant='normal', weight=700, stretch='normal', size='scalable')) = 11.335
2026-03-30 10:16:23,794 - DEBUG - findfont: score(FontEntry(fname='C:\\Windows\\Fonts\\georgiai.ttf', name='Georgia', style='italic', variant='normal', weight=400, stretch='normal', size='scalable')) = 11.05
2026-03-30 10:16:23,794 - DEBUG - findfont: score(FontEntry(fname='C:\\Windows\\Fonts\\segoescb.ttf', name='Segoe Script', style='normal', variant='normal', weight=700, stretch='normal', size='scalable')) = 10.335
2026-03-30 10:16:23,795 - DEBUG - findfont: score(FontEntry(fname='C:\\Windows\\Fonts\\bahnschrift.ttf', name='Bahnschrift', style='normal', variant='normal', weight=400, stretch='normal', size='scalable')) = 10.05
2026-03-30 10:16:23,795 - DEBUG - findfont: score(FontEntry(fname='C:\\Windows\\Fonts\\corbell.ttf', name='Corbel', style='normal', variant='normal', weight=300, stretch='normal', size='scalable')) = 10.145
2026-03-30 10:16:23,795 - DEBUG - findfont: score(FontEntry(fname='C:\\Windows\\Fonts\\SCHLBKB.TTF', name='Century Schoolbook', style='normal', variant='normal', weight=700, stretch='normal', size='scalable')) = 10.335
2026-03-30 10:16:23,795 - DEBUG - findfont: score(FontEntry(fname='C:\\Windows\\Fonts\\DUBAI-LIGHT.TTF', name='Dubai', style='normal', variant='normal', weight=300, stretch='normal', size='scalable')) = 10.145
2026-03-30 10:16:23,795 - DEBUG - findfont: score(FontEntry(fname='C:\\Windows\\Fonts\\CALIFB.TTF', name='Californian FB', style='normal', variant='normal', weight=700, stretch='normal', size='scalable')) = 10.335
2026-03-30 10:16:23,796 - DEBUG - findfont: score(FontEntry(fname='C:\\Windows\\Fonts\\verdanab.ttf', name='Verdana', style='normal', variant='normal', weight=700, stretch='normal', size='scalable')) = 3.9713636363636367
2026-03-30 10:16:23,796 - DEBUG - findfont: score(FontEntry(fname='C:\\Windows\\Fonts\\cour.ttf', name='Courier New', style='normal', variant='normal', weight=400, stretch='normal', size='scalable')) = 10.05
2026-03-30 10:16:23,796 - DEBUG - findfont: score(FontEntry(fname='C:\\Windows\\Fonts\\segoeuisl.ttf', name='Segoe UI', style='normal', variant='normal', weight=350, stretch='normal', size='scalable')) = 10.0975
2026-03-30 10:16:23,796 - DEBUG - findfont: score(FontEntry(fname='C:\\Windows\\Fonts\\BOD_CI.TTF', name='Bodoni MT', style='italic', variant='normal', weight=400, stretch='condensed', size='scalable')) = 11.25
2026-03-30 10:16:23,796 - DEBUG - findfont: score(FontEntry(fname='C:\\Windows\\Fonts\\POORICH.TTF', name='Poor Richard', style='normal', variant='normal', weight=400, stretch='normal', size='scalable')) = 10.05
2026-03-30 10:16:23,796 - DEBUG - findfont: score(FontEntry(fname='C:\\Windows\\Fonts\\ntailu.ttf', name='Microsoft New Tai Lue', style='normal', variant='normal', weight=400, stretch='normal', size='scalable')) = 10.05
2026-03-30 10:16:23,796 - DEBUG - findfont: score(FontEntry(fname='C:\\Windows\\Fonts\\segoeuil.ttf', name='Segoe UI', style='normal', variant='normal', weight=300, stretch='normal', size='scalable')) = 10.145
2026-03-30 10:16:23,796 - DEBUG - findfont: score(FontEntry(fname='C:\\Windows\\Fonts\\ROCKBI.TTF', name='Rockwell', style='italic', variant='normal', weight=700, stretch='normal', size='scalable')) = 11.335
2026-03-30 10:16:23,796 - DEBUG - findfont: score(FontEntry(fname='C:\\Windows\\Fonts\\symbol.ttf', name='Symbol', style='normal', variant='normal', weight=400, stretch='normal', size='scalable')) = 10.05
2026-03-30 10:16:23,796 - DEBUG - findfont: score(FontEntry(fname='C:\\Windows\\Fonts\\CascadiaCode.ttf', name='Cascadia Code', style='normal', variant='normal', weight=400, stretch='normal', size='scalable')) = 10.05
2026-03-30 10:16:23,796 - DEBUG - findfont: score(FontEntry(fname='C:\\Windows\\Fonts\\l_10646.ttf', name='Lucida Sans Unicode', style='normal', variant='normal', weight=400, stretch='normal', size='scalable')) = 10.05
2026-03-30 10:16:23,796 - DEBUG - findfont: score(FontEntry(fname='C:\\Windows\\Fonts\\Inkfree.ttf', name='Ink Free', style='normal', variant='normal', weight=400, stretch='normal', size='scalable')) = 10.05
2026-03-30 10:16:23,798 - DEBUG - findfont: score(FontEntry(fname='C:\\Windows\\Fonts\\Nirmala.ttc', name='Nirmala UI', style='normal', variant='normal', weight=400, stretch='normal', size='scalable')) = 10.05
2026-03-30 10:16:23,798 - DEBUG - findfont: score(FontEntry(fname='C:\\Windows\\Fonts\\CASTELAR.TTF', name='Castellar', style='normal', variant='normal', weight=400, stretch='normal', size='scalable')) = 10.05
2026-03-30 10:16:23,798 - DEBUG - findfont: score(FontEntry(fname='C:\\Windows\\Fonts\\BROADW.TTF', name='Broadway', style='normal', variant='normal', weight=400, stretch='normal', size='scalable')) = 10.05
2026-03-30 10:16:23,798 - DEBUG - findfont: score(FontEntry(fname='C:\\Windows\\Fonts\\PRISTINA.TTF', name='Pristina', style='normal', variant='normal', weight=400, stretch='normal', size='scalable')) = 10.05
2026-03-30 10:16:23,798 - DEBUG - findfont: score(FontEntry(fname='C:\\Windows\\Fonts\\DUBAI-MEDIUM.TTF', name='Dubai', style='normal', variant='normal', weight=500, stretch='normal', size='scalable')) = 10.145
2026-03-30 10:16:23,798 - DEBUG - findfont: score(FontEntry(fname='C:\\Windows\\Fonts\\GARAIT.TTF', name='Garamond', style='italic', variant='normal', weight=400, stretch='normal', size='scalable')) = 11.05
2026-03-30 10:16:23,798 - DEBUG - findfont: score(FontEntry(fname='C:\\Windows\\Fonts\\CURLZ___.TTF', name='Curlz MT', style='normal', variant='normal', weight=400, stretch='normal', size='scalable')) = 10.05
2026-03-30 10:16:23,798 - DEBUG - findfont: score(FontEntry(fname='C:\\Windows\\Fonts\\taile.ttf', name='Microsoft Tai Le', style='normal', variant='normal', weight=400, stretch='normal', size='scalable')) = 10.05
2026-03-30 10:16:23,798 - DEBUG - findfont: score(FontEntry(fname='C:\\Windows\\Fonts\\phagspab.ttf', name='Microsoft PhagsPa', style='normal', variant='normal', weight=700, stretch='normal', size='scalable')) = 10.335
2026-03-30 10:16:23,798 - DEBUG - findfont: score(FontEntry(fname='C:\\Windows\\Fonts\\HARNGTON.TTF', name='Harrington', style='normal', variant='normal', weight=400, stretch='normal', size='scalable')) = 10.05
2026-03-30 10:16:23,799 - DEBUG - findfont: score(FontEntry(fname='C:\\Windows\\Fonts\\ebrimabd.ttf', name='Ebrima', style='normal', variant='normal', weight=700, stretch='normal', size='scalable')) = 10.335
2026-03-30 10:16:23,799 - DEBUG - findfont: score(FontEntry(fname='C:\\Windows\\Fonts\\malgunsl.ttf', name='Malgun Gothic', style='normal', variant='normal', weight=300, stretch='normal', size='scalable')) = 10.145
2026-03-30 10:16:23,799 - DEBUG - findfont: score(FontEntry(fname='C:\\Windows\\Fonts\\Candara.ttf', name='Candara', style='normal', variant='normal', weight=400, stretch='normal', size='scalable')) = 10.05
2026-03-30 10:16:23,799 - DEBUG - findfont: score(FontEntry(fname='C:\\Windows\\Fonts\\BRUSHSCI.TTF', name='Brush Script MT', style='italic', variant='normal', weight=400, stretch='normal', size='scalable')) = 11.05
2026-03-30 10:16:23,799 - DEBUG - findfont: score(FontEntry(fname='C:\\Windows\\Fonts\\COLONNA.TTF', name='Colonna MT', style='normal', variant='normal', weight=400, stretch='normal', size='scalable')) = 10.05
2026-03-30 10:16:23,799 - DEBUG - findfont: score(FontEntry(fname='C:\\Windows\\Fonts\\ROCCB___.TTF', name='Rockwell Condensed', style='normal', variant='normal', weight=700, stretch='condensed', size='scalable')) = 10.535
2026-03-30 10:16:23,799 - DEBUG - findfont: score(FontEntry(fname='C:\\Windows\\Fonts\\FELIXTI.TTF', name='Felix Titling', style='normal', variant='normal', weight=400, stretch='normal', size='scalable')) = 10.05
2026-03-30 10:16:23,799 - DEBUG - findfont: score(FontEntry(fname='C:\\Windows\\Fonts\\GOTHICB.TTF', name='Century Gothic', style='normal', variant='normal', weight=700, stretch='normal', size='scalable')) = 10.335
2026-03-30 10:16:23,800 - DEBUG - findfont: score(FontEntry(fname='C:\\Windows\\Fonts\\ERASBD.TTF', name='Eras Bold ITC', style='normal', variant='normal', weight=400, stretch='normal', size='scalable')) = 10.05
2026-03-30 10:16:23,800 - DEBUG - findfont: score(FontEntry(fname='C:\\Windows\\Fonts\\ENGR.TTF', name='Engravers MT', style='normal', variant='normal', weight=500, stretch='normal', size='scalable')) = 10.145
2026-03-30 10:16:23,800 - DEBUG - findfont: score(FontEntry(fname='C:\\Windows\\Fonts\\HARLOWSI.TTF', name='Harlow Solid Italic', style='italic', variant='normal', weight=400, stretch='normal', size='scalable')) = 11.05
2026-03-30 10:16:23,800 - DEBUG - findfont: score(FontEntry(fname='C:\\Windows\\Fonts\\SitkaVF.ttf', name='Sitka', style='normal', variant='normal', weight=400, stretch='normal', size='scalable')) = 10.05
2026-03-30 10:16:23,800 - DEBUG - findfont: score(FontEntry(fname='C:\\Windows\\Fonts\\REFSPCL.TTF', name='MS Reference Specialty', style='normal', variant='normal', weight=400, stretch='normal', size='scalable')) = 10.05
2026-03-30 10:16:23,800 - DEBUG - findfont: score(FontEntry(fname='C:\\Windows\\Fonts\\GLSNECB.TTF', name='Gill Sans MT Ext Condensed Bold', style='normal', variant='normal', weight=400, stretch='condensed', size='scalable')) = 10.25
2026-03-30 10:16:23,800 - DEBUG - findfont: score(FontEntry(fname='C:\\Windows\\Fonts\\verdana.ttf', name='Verdana', style='normal', variant='normal', weight=400, stretch='normal', size='scalable')) = 3.6863636363636365
2026-03-30 10:16:23,801 - DEBUG - findfont: score(FontEntry(fname='C:\\Windows\\Fonts\\times.ttf', name='Times New Roman', style='normal', variant='normal', weight=400, stretch='normal', size='scalable')) = 10.05
2026-03-30 10:16:23,801 - DEBUG - findfont: score(FontEntry(fname='C:\\Windows\\Fonts\\PERTILI.TTF', name='Perpetua Titling MT', style='normal', variant='normal', weight=300, stretch='normal', size='scalable')) = 10.145
2026-03-30 10:16:23,801 - DEBUG - findfont: score(FontEntry(fname='C:\\Windows\\Fonts\\GILSANUB.TTF', name='Gill Sans Ultra Bold', style='normal', variant='normal', weight=400, stretch='normal', size='scalable')) = 10.05
2026-03-30 10:16:23,801 - DEBUG - findfont: score(FontEntry(fname='C:\\Windows\\Fonts\\monbaiti.ttf', name='Mongolian Baiti', style='normal', variant='normal', weight=400, stretch='normal', size='scalable')) = 10.05
2026-03-30 10:16:23,801 - DEBUG - findfont: score(FontEntry(fname='C:\\Windows\\Fonts\\ROCKB.TTF', name='Rockwell', style='normal', variant='normal', weight=700, stretch='normal', size='scalable')) = 10.335
2026-03-30 10:16:23,802 - DEBUG - findfont: score(FontEntry(fname='C:\\Windows\\Fonts\\Gabriola.ttf', name='Gabriola', style='normal', variant='normal', weight=400, stretch='normal', size='scalable')) = 10.05
2026-03-30 10:16:23,802 - DEBUG - findfont: score(FontEntry(fname='C:\\Windows\\Fonts\\GARA.TTF', name='Garamond', style='normal', variant='normal', weight=400, stretch='normal', size='scalable')) = 10.05
2026-03-30 10:16:23,802 - DEBUG - findfont: score(FontEntry(fname='C:\\Windows\\Fonts\\ARIALNBI.TTF', name='Arial', style='italic', variant='normal', weight=700, stretch='condensed', size='scalable')) = 7.8986363636363635
2026-03-30 10:16:23,802 - DEBUG - findfont: score(FontEntry(fname='C:\\Windows\\Fonts\\LSANSD.TTF', name='Lucida Sans', style='normal', variant='normal', weight=600, stretch='normal', size='scalable')) = 10.24
2026-03-30 10:16:23,802 - DEBUG - findfont: score(FontEntry(fname='C:\\Windows\\Fonts\\MSUIGHUR.TTF', name='Microsoft Uighur', style='normal', variant='normal', weight=400, stretch='normal', size='scalable')) = 10.05
2026-03-30 10:16:23,802 - DEBUG - findfont: score(FontEntry(fname='C:\\Windows\\Fonts\\segoepr.ttf', name='Segoe Print', style='normal', variant='normal', weight=400, stretch='normal', size='scalable')) = 10.05
2026-03-30 10:16:23,802 - DEBUG - findfont: score(FontEntry(fname='C:\\Windows\\Fonts\\SHOWG.TTF', name='Showcard Gothic', style='normal', variant='normal', weight=400, stretch='normal', size='scalable')) = 10.05
2026-03-30 10:16:23,802 - DEBUG - findfont: score(FontEntry(fname='C:\\Windows\\Fonts\\mvboli.ttf', name='MV Boli', style='normal', variant='normal', weight=400, stretch='normal', size='scalable')) = 10.05
2026-03-30 10:16:23,802 - DEBUG - findfont: score(FontEntry(fname='C:\\Windows\\Fonts\\pala.ttf', name='Palatino Linotype', style='normal', variant='normal', weight=400, stretch='normal', size='scalable')) = 10.05
2026-03-30 10:16:23,802 - DEBUG - findfont: score(FontEntry(fname='C:\\Windows\\Fonts\\comic.ttf', name='Comic Sans MS', style='normal', variant='normal', weight=400, stretch='normal', size='scalable')) = 10.05
2026-03-30 10:16:23,802 - DEBUG - findfont: score(FontEntry(fname='C:\\Windows\\Fonts\\MISTRAL.TTF', name='Mistral', style='normal', variant='normal', weight=400, stretch='normal', size='scalable')) = 10.05
2026-03-30 10:16:23,802 - DEBUG - findfont: score(FontEntry(fname='C:\\Windows\\Fonts\\ERASDEMI.TTF', name='Eras Demi ITC', style='normal', variant='normal', weight=400, stretch='normal', size='scalable')) = 10.05
2026-03-30 10:16:23,802 - DEBUG - findfont: score(FontEntry(fname='C:\\Windows\\Fonts\\palabi.ttf', name='Palatino Linotype', style='italic', variant='normal', weight=700, stretch='normal', size='scalable')) = 11.335
2026-03-30 10:16:23,803 - DEBUG - findfont: score(FontEntry(fname='C:\\Windows\\Fonts\\GOUDOS.TTF', name='Goudy Old Style', style='normal', variant='normal', weight=400, stretch='normal', size='scalable')) = 10.05
2026-03-30 10:16:23,803 - DEBUG - findfont: score(FontEntry(fname='C:\\Windows\\Fonts\\HTOWERTI.TTF', name='High Tower Text', style='italic', variant='normal', weight=400, stretch='normal', size='scalable')) = 11.05
2026-03-30 10:16:23,803 - DEBUG - findfont: score(FontEntry(fname='C:\\Windows\\Fonts\\FORTE.TTF', name='Forte', style='normal', variant='normal', weight=400, stretch='normal', size='scalable')) = 10.05
2026-03-30 10:16:23,803 - DEBUG - findfont: score(FontEntry(fname='C:\\Windows\\Fonts\\ARIALNI.TTF', name='Arial', style='italic', variant='normal', weight=400, stretch='condensed', size='scalable')) = 7.613636363636363
2026-03-30 10:16:23,803 - DEBUG - findfont: score(FontEntry(fname='C:\\Windows\\Fonts\\BRADHITC.TTF', name='Bradley Hand ITC', style='normal', variant='normal', weight=400, stretch='normal', size='scalable')) = 10.05
2026-03-30 10:16:23,803 - DEBUG - findfont: score(FontEntry(fname='C:\\Windows\\Fonts\\ROGFonts-Regular.otf', name='ROG Fonts', style='normal', variant='normal', weight=400, stretch='normal', size='scalable')) = 10.05
2026-03-30 10:16:23,804 - DEBUG - findfont: score(FontEntry(fname='C:\\Windows\\Fonts\\COPRGTL.TTF', name='Copperplate Gothic Light', style='normal', variant='normal', weight=400, stretch='normal', size='scalable')) = 10.05
2026-03-30 10:16:23,804 - DEBUG - findfont: score(FontEntry(fname='C:\\Windows\\Fonts\\INFROMAN.TTF', name='Informal Roman', style='normal', variant='normal', weight=400, stretch='normal', size='scalable')) = 10.05
2026-03-30 10:16:23,804 - DEBUG - findfont: score(FontEntry(fname='C:\\Windows\\Fonts\\ERASMD.TTF', name='Eras Medium ITC', style='normal', variant='normal', weight=400, stretch='normal', size='scalable')) = 10.05
2026-03-30 10:16:23,804 - DEBUG - findfont: score(FontEntry(fname='C:\\Windows\\Fonts\\simsunb.ttf', name='SimSun-ExtB', style='normal', variant='normal', weight=400, stretch='normal', size='scalable')) = 10.05
2026-03-30 10:16:23,804 - DEBUG - findfont: score(FontEntry(fname='C:\\Windows\\Fonts\\ROCKI.TTF', name='Rockwell', style='italic', variant='normal', weight=400, stretch='normal', size='scalable')) = 11.05
2026-03-30 10:16:23,804 - DEBUG - findfont: score(FontEntry(fname='C:\\Windows\\Fonts\\TCMI____.TTF', name='Tw Cen MT', style='italic', variant='normal', weight=400, stretch='normal', size='scalable')) = 11.05
2026-03-30 10:16:23,805 - DEBUG - findfont: score(FontEntry(fname='C:\\Windows\\Fonts\\HTOWERT.TTF', name='High Tower Text', style='normal', variant='normal', weight=400, stretch='normal', size='scalable')) = 10.05
2026-03-30 10:16:23,805 - DEBUG - findfont: score(FontEntry(fname='C:\\Windows\\Fonts\\ARIALN.TTF', name='Arial', style='normal', variant='normal', weight=400, stretch='condensed', size='scalable')) = 6.613636363636363
2026-03-30 10:16:23,805 - DEBUG - findfont: score(FontEntry(fname='C:\\Windows\\Fonts\\LBRITED.TTF', name='Lucida Bright', style='normal', variant='normal', weight=600, stretch='normal', size='scalable')) = 10.24
2026-03-30 10:16:23,805 - DEBUG - findfont: score(FontEntry(fname='C:\\Windows\\Fonts\\segoeui.ttf', name='Segoe UI', style='normal', variant='normal', weight=400, stretch='normal', size='scalable')) = 10.05
2026-03-30 10:16:23,805 - DEBUG - findfont: score(FontEntry(fname='C:\\Windows\\Fonts\\MTEXTRA.TTF', name='MT Extra', style='normal', variant='normal', weight=400, stretch='normal', size='scalable')) = 10.05
2026-03-30 10:16:23,805 - DEBUG - findfont: score(FontEntry(fname='C:\\Windows\\Fonts\\segmdl2.ttf', name='Segoe MDL2 Assets', style='normal', variant='normal', weight=400, stretch='normal', size='scalable')) = 10.05
2026-03-30 10:16:23,805 - DEBUG - findfont: score(FontEntry(fname='C:\\Windows\\Fonts\\MTCORSVA.TTF', name='Monotype Corsiva', style='normal', variant='normal', weight=400, stretch='normal', size='scalable')) = 10.05
2026-03-30 10:16:23,805 - DEBUG - findfont: score(FontEntry(fname='C:\\Windows\\Fonts\\MOD20.TTF', name='Modern No. 20', style='normal', variant='normal', weight=400, stretch='normal', size='scalable')) = 10.05
2026-03-30 10:16:23,805 - DEBUG - findfont: score(FontEntry(fname='C:\\Windows\\Fonts\\georgiab.ttf', name='Georgia', style='normal', variant='normal', weight=700, stretch='normal', size='scalable')) = 10.335
2026-03-30 10:16:23,806 - DEBUG - findfont: score(FontEntry(fname='C:\\Windows\\Fonts\\LBRITE.TTF', name='Lucida Bright', style='normal', variant='normal', weight=400, stretch='normal', size='scalable')) = 10.05
2026-03-30 10:16:23,806 - DEBUG - findfont: score(FontEntry(fname='C:\\Windows\\Fonts\\LATINWD.TTF', name='Wide Latin', style='normal', variant='normal', weight=400, stretch='expanded', size='scalable')) = 10.25
2026-03-30 10:16:23,806 - DEBUG - findfont: score(FontEntry(fname='C:\\Windows\\Fonts\\WINGDNG2.TTF', name='Wingdings 2', style='normal', variant='normal', weight=400, stretch='normal', size='scalable')) = 10.05
2026-03-30 10:16:23,806 - DEBUG - findfont: score(FontEntry(fname='C:\\Windows\\Fonts\\SNAP____.TTF', name='Snap ITC', style='normal', variant='normal', weight=400, stretch='normal', size='scalable')) = 10.05
2026-03-30 10:16:23,806 - DEBUG - findfont: score(FontEntry(fname='C:\\Windows\\Fonts\\corbelz.ttf', name='Corbel', style='italic', variant='normal', weight=700, stretch='normal', size='scalable')) = 11.335
2026-03-30 10:16:23,806 - DEBUG - findfont: score(FontEntry(fname='C:\\Windows\\Fonts\\BELL.TTF', name='Bell MT', style='normal', variant='normal', weight=400, stretch='normal', size='scalable')) = 10.05
2026-03-30 10:16:23,806 - DEBUG - findfont: score(FontEntry(fname='C:\\Windows\\Fonts\\trebuc.ttf', name='Trebuchet MS', style='normal', variant='normal', weight=400, stretch='normal', size='scalable')) = 10.05
2026-03-30 10:16:23,806 - DEBUG - findfont: score(FontEntry(fname='C:\\Windows\\Fonts\\LSANSDI.TTF', name='Lucida Sans', style='italic', variant='normal', weight=600, stretch='normal', size='scalable')) = 11.24
2026-03-30 10:16:23,806 - DEBUG - findfont: score(FontEntry(fname='C:\\Windows\\Fonts\\corbel.ttf', name='Corbel', style='normal', variant='normal', weight=400, stretch='normal', size='scalable')) = 10.05
2026-03-30 10:16:23,806 - DEBUG - findfont: score(FontEntry(fname='C:\\Windows\\Fonts\\taileb.ttf', name='Microsoft Tai Le', style='normal', variant='normal', weight=700, stretch='normal', size='scalable')) = 10.335
2026-03-30 10:16:23,806 - DEBUG - findfont: score(FontEntry(fname='C:\\Windows\\Fonts\\LCALLIG.TTF', name='Lucida Calligraphy', style='italic', variant='normal', weight=400, stretch='normal', size='scalable')) = 11.05
2026-03-30 10:16:23,806 - DEBUG - findfont: score(FontEntry(fname='C:\\Windows\\Fonts\\GILB____.TTF', name='Gill Sans MT', style='normal', variant='normal', weight=700, stretch='normal', size='scalable')) = 10.335
2026-03-30 10:16:23,807 - DEBUG - findfont: score(FontEntry(fname='C:\\Windows\\Fonts\\CALISTBI.TTF', name='Calisto MT', style='italic', variant='normal', weight=700, stretch='normal', size='scalable')) = 11.335
2026-03-30 10:16:23,807 - DEBUG - findfont: score(FontEntry(fname='C:\\Windows\\Fonts\\BKANT.TTF', name='Book Antiqua', style='normal', variant='normal', weight=400, stretch='normal', size='scalable')) = 10.05
2026-03-30 10:16:23,807 - DEBUG - findfont: score(FontEntry(fname='C:\\Windows\\Fonts\\VIVALDII.TTF', name='Vivaldi', style='italic', variant='normal', weight=400, stretch='normal', size='scalable')) = 11.05
2026-03-30 10:16:23,807 - DEBUG - findfont: score(FontEntry(fname='C:\\Windows\\Fonts\\Candaral.ttf', name='Candara', style='normal', variant='normal', weight=400, stretch='normal', size='scalable')) = 10.05
2026-03-30 10:16:23,807 - DEBUG - findfont: score(FontEntry(fname='C:\\Windows\\Fonts\\LEELAWAD.TTF', name='Leelawadee', style='normal', variant='normal', weight=400, stretch='normal', size='scalable')) = 10.05
2026-03-30 10:16:23,807 - DEBUG - findfont: score(FontEntry(fname='C:\\Windows\\Fonts\\CALISTB.TTF', name='Calisto MT', style='normal', variant='normal', weight=700, stretch='normal', size='scalable')) = 10.335
2026-03-30 10:16:23,807 - DEBUG - findfont: score(FontEntry(fname='C:\\Windows\\Fonts\\FRSCRIPT.TTF', name='French Script MT', style='normal', variant='normal', weight=400, stretch='normal', size='scalable')) = 10.05
2026-03-30 10:16:23,807 - DEBUG - findfont: score(FontEntry(fname='C:\\Windows\\Fonts\\mingliub.ttc', name='MingLiU-ExtB', style='normal', variant='normal', weight=400, stretch='normal', size='scalable')) = 10.05
2026-03-30 10:16:23,807 - DEBUG - findfont: score(FontEntry(fname='C:\\Windows\\Fonts\\SimsunExtG.ttf', name='SimSun-ExtG', style='normal', variant='normal', weight=400, stretch='normal', size='scalable')) = 10.05
2026-03-30 10:16:23,807 - DEBUG - findfont: score(FontEntry(fname='C:\\Windows\\Fonts\\ariali.ttf', name='Arial', style='italic', variant='normal', weight=400, stretch='normal', size='scalable')) = 7.413636363636363
2026-03-30 10:16:23,807 - DEBUG - findfont: score(FontEntry(fname='C:\\Windows\\Fonts\\RAGE.TTF', name='Rage Italic', style='italic', variant='normal', weight=400, stretch='normal', size='scalable')) = 11.05
2026-03-30 10:16:23,807 - DEBUG - findfont: score(FontEntry(fname='C:\\Windows\\Fonts\\calibrili.ttf', name='Calibri', style='italic', variant='normal', weight=300, stretch='normal', size='scalable')) = 11.145
2026-03-30 10:16:23,807 - DEBUG - findfont: score(FontEntry(fname='C:\\Windows\\Fonts\\TCCEB.TTF', name='Tw Cen MT Condensed Extra Bold', style='normal', variant='normal', weight=400, stretch='condensed', size='scalable')) = 10.25
2026-03-30 10:16:23,808 - DEBUG - findfont: score(FontEntry(fname='C:\\Windows\\Fonts\\FRADMCN.TTF', name='Franklin Gothic Demi Cond', style='normal', variant='normal', weight=400, stretch='condensed', size='scalable')) = 10.25
2026-03-30 10:16:23,808 - DEBUG - findfont: score(FontEntry(fname='C:\\Windows\\Fonts\\ELEPHNT.TTF', name='Elephant', style='normal', variant='normal', weight=400, stretch='normal', size='scalable')) = 10.05
2026-03-30 10:16:23,808 - DEBUG - findfont: score(FontEntry(fname='C:\\Windows\\Fonts\\ITCBLKAD.TTF', name='Blackadder ITC', style='normal', variant='normal', weight=400, stretch='normal', size='scalable')) = 10.05
2026-03-30 10:16:23,808 - DEBUG - findfont: score(FontEntry(fname='C:\\Windows\\Fonts\\STENCIL.TTF', name='Stencil', style='normal', variant='normal', weight=400, stretch='normal', size='scalable')) = 10.05
2026-03-30 10:16:23,808 - DEBUG - findfont: score(FontEntry(fname='C:\\Windows\\Fonts\\ROCKEB.TTF', name='Rockwell Extra Bold', style='normal', variant='normal', weight=800, stretch='normal', size='scalable')) = 10.43
2026-03-30 10:16:23,808 - DEBUG - findfont: score(FontEntry(fname='C:\\Windows\\Fonts\\REFSAN.TTF', name='MS Reference Sans Serif', style='normal', variant='normal', weight=400, stretch='normal', size='scalable')) = 10.05
2026-03-30 10:16:23,808 - DEBUG - findfont: score(FontEntry(fname='C:\\Windows\\Fonts\\TEMPSITC.TTF', name='Tempus Sans ITC', style='normal', variant='normal', weight=400, stretch='normal', size='scalable')) = 10.05
2026-03-30 10:16:23,808 - DEBUG - findfont: score(FontEntry(fname='C:\\Windows\\Fonts\\BOOKOSBI.TTF', name='Bookman Old Style', style='italic', variant='normal', weight=600, stretch='normal', size='scalable')) = 11.24
2026-03-30 10:16:23,809 - DEBUG - findfont: score(FontEntry(fname='C:\\Windows\\Fonts\\COPRGTB.TTF', name='Copperplate Gothic Bold', style='normal', variant='normal', weight=400, stretch='normal', size='scalable')) = 10.05
2026-03-30 10:16:23,809 - DEBUG - findfont: score(FontEntry(fname='C:\\Windows\\Fonts\\KUNSTLER.TTF', name='Kunstler Script', style='normal', variant='normal', weight=400, stretch='normal', size='scalable')) = 10.05
2026-03-30 10:16:23,809 - DEBUG - findfont: score(FontEntry(fname='C:\\Windows\\Fonts\\GILC____.TTF', name='Gill Sans MT Condensed', style='normal', variant='normal', weight=400, stretch='condensed', size='scalable')) = 10.25
2026-03-30 10:16:23,809 - DEBUG - findfont: score(FontEntry(fname='C:\\Windows\\Fonts\\RAVIE.TTF', name='Ravie', style='normal', variant='normal', weight=400, stretch='normal', size='scalable')) = 10.05
2026-03-30 10:16:23,809 - DEBUG - findfont: score(FontEntry(fname='C:\\Windows\\Fonts\\BOD_B.TTF', name='Bodoni MT', style='normal', variant='normal', weight=700, stretch='normal', size='scalable')) = 10.335
2026-03-30 10:16:23,809 - DEBUG - findfont: score(FontEntry(fname='C:\\Windows\\Fonts\\seguibl.ttf', name='Segoe UI', style='normal', variant='normal', weight=900, stretch='normal', size='scalable')) = 10.525
2026-03-30 10:16:23,809 - DEBUG - findfont: score(FontEntry(fname='C:\\Windows\\Fonts\\tahoma.ttf', name='Tahoma', style='normal', variant='normal', weight=400, stretch='normal', size='scalable')) = 10.05
2026-03-30 10:16:23,810 - DEBUG - findfont: score(FontEntry(fname='C:\\Windows\\Fonts\\BOOKOS.TTF', name='Bookman Old Style', style='normal', variant='normal', weight=300, stretch='normal', size='scalable')) = 10.145
2026-03-30 10:16:23,810 - DEBUG - findfont: score(FontEntry(fname='C:\\Windows\\Fonts\\calibriz.ttf', name='Calibri', style='italic', variant='normal', weight=700, stretch='normal', size='scalable')) = 11.335
2026-03-30 10:16:23,810 - DEBUG - findfont: score(FontEntry(fname='C:\\Windows\\Fonts\\ebrima.ttf', name='Ebrima', style='normal', variant='normal', weight=400, stretch='normal', size='scalable')) = 10.05
2026-03-30 10:16:23,810 - DEBUG - findfont: score(FontEntry(fname='C:\\Windows\\Fonts\\TCM_____.TTF', name='Tw Cen MT', style='normal', variant='normal', weight=400, stretch='normal', size='scalable')) = 10.05
2026-03-30 10:16:23,810 - DEBUG - findfont: score(FontEntry(fname='C:\\Windows\\Fonts\\courbi.ttf', name='Courier New', style='italic', variant='normal', weight=700, stretch='normal', size='scalable')) = 11.335
2026-03-30 10:16:23,810 - DEBUG - findfont: score(FontEntry(fname='C:\\Windows\\Fonts\\FRADM.TTF', name='Franklin Gothic Demi', style='normal', variant='normal', weight=400, stretch='normal', size='scalable')) = 10.05
2026-03-30 10:16:23,810 - DEBUG - findfont: score(FontEntry(fname='C:\\Windows\\Fonts\\GIL_____.TTF', name='Gill Sans MT', style='normal', variant='normal', weight=400, stretch='normal', size='scalable')) = 10.05
2026-03-30 10:16:23,811 - DEBUG - findfont: score(FontEntry(fname='C:\\Windows\\Fonts\\BOD_BLAR.TTF', name='Bodoni MT', style='normal', variant='normal', weight=900, stretch='normal', size='scalable')) = 10.525
2026-03-30 10:16:23,811 - DEBUG - findfont: score(FontEntry(fname='C:\\Windows\\Fonts\\BOD_I.TTF', name='Bodoni MT', style='italic', variant='normal', weight=400, stretch='normal', size='scalable')) = 11.05
2026-03-30 10:16:23,811 - DEBUG - findfont: score(FontEntry(fname='C:\\Windows\\Fonts\\seguili.ttf', name='Segoe UI', style='italic', variant='normal', weight=300, stretch='normal', size='scalable')) = 11.145
2026-03-30 10:16:23,811 - DEBUG - findfont: score(FontEntry(fname='C:\\Windows\\Fonts\\impact.ttf', name='Impact', style='normal', variant='normal', weight=400, stretch='normal', size='scalable')) = 10.05
2026-03-30 10:16:23,811 - DEBUG - findfont: score(FontEntry(fname='C:\\Windows\\Fonts\\javatext.ttf', name='Javanese Text', style='normal', variant='normal', weight=400, stretch='normal', size='scalable')) = 10.05
2026-03-30 10:16:23,811 - DEBUG - findfont: score(FontEntry(fname='C:\\Windows\\Fonts\\BRLNSR.TTF', name='Berlin Sans FB', style='normal', variant='normal', weight=400, stretch='normal', size='scalable')) = 10.05
2026-03-30 10:16:23,811 - DEBUG - findfont: score(FontEntry(fname='C:\\Windows\\Fonts\\corbelli.ttf', name='Corbel', style='italic', variant='normal', weight=300, stretch='normal', size='scalable')) = 11.145
2026-03-30 10:16:23,812 - DEBUG - findfont: score(FontEntry(fname='C:\\Windows\\Fonts\\gadugi.ttf', name='Gadugi', style='normal', variant='normal', weight=400, stretch='normal', size='scalable')) = 10.05
2026-03-30 10:16:23,812 - DEBUG - findfont: score(FontEntry(fname='C:\\Windows\\Fonts\\gadugib.ttf', name='Gadugi', style='normal', variant='normal', weight=700, stretch='normal', size='scalable')) = 10.335
2026-03-30 10:16:23,812 - DEBUG - findfont: score(FontEntry(fname='C:\\Windows\\Fonts\\seguiemj.ttf', name='Segoe UI Emoji', style='normal', variant='normal', weight=400, stretch='normal', size='scalable')) = 10.05
2026-03-30 10:16:23,812 - DEBUG - findfont: score(FontEntry(fname='C:\\Windows\\Fonts\\seguisb.ttf', name='Segoe UI', style='normal', variant='normal', weight=600, stretch='normal', size='scalable')) = 10.24
2026-03-30 10:16:23,812 - DEBUG - findfont: score(FontEntry(fname='C:\\Windows\\Fonts\\framdit.ttf', name='Franklin Gothic Medium', style='italic', variant='normal', weight=400, stretch='normal', size='scalable')) = 11.05
2026-03-30 10:16:23,812 - DEBUG - findfont: score(FontEntry(fname='C:\\Windows\\Fonts\\LFAXD.TTF', name='Lucida Fax', style='normal', variant='normal', weight=600, stretch='normal', size='scalable')) = 10.24
2026-03-30 10:16:23,812 - DEBUG - findfont: score(FontEntry(fname='C:\\Windows\\Fonts\\AGENCYB.TTF', name='Agency FB', style='normal', variant='normal', weight=700, stretch='normal', size='scalable')) = 10.335
2026-03-30 10:16:23,813 - DEBUG - findfont: score(FontEntry(fname='C:\\Windows\\Fonts\\BOD_CB.TTF', name='Bodoni MT', style='normal', variant='normal', weight=700, stretch='condensed', size='scalable')) = 10.535
2026-03-30 10:16:23,813 - DEBUG - findfont: score(FontEntry(fname='C:\\Windows\\Fonts\\CENTAUR.TTF', name='Centaur', style='normal', variant='normal', weight=400, stretch='normal', size='scalable')) = 10.05
2026-03-30 10:16:23,813 - DEBUG - findfont: score(FontEntry(fname='C:\\Windows\\Fonts\\VLADIMIR.TTF', name='Vladimir Script', style='normal', variant='normal', weight=400, stretch='normal', size='scalable')) = 10.05
2026-03-30 10:16:23,813 - DEBUG - findfont: score(FontEntry(fname='C:\\Windows\\Fonts\\verdanaz.ttf', name='Verdana', style='italic', variant='normal', weight=700, stretch='normal', size='scalable')) = 4.971363636363637
2026-03-30 10:16:23,813 - DEBUG - findfont: score(FontEntry(fname='C:\\Windows\\Fonts\\YuGothL.ttc', name='Yu Gothic', style='normal', variant='normal', weight=300, stretch='normal', size='scalable')) = 10.145
2026-03-30 10:16:23,813 - DEBUG - findfont: score(FontEntry(fname='C:\\Windows\\Fonts\\arialbi.ttf', name='Arial', style='italic', variant='normal', weight=700, stretch='normal', size='scalable')) = 7.698636363636363
2026-03-30 10:16:23,813 - DEBUG - findfont: score(FontEntry(fname='C:\\Windows\\Fonts\\PALSCRI.TTF', name='Palace Script MT', style='normal', variant='normal', weight=400, stretch='normal', size='scalable')) = 10.05
2026-03-30 10:16:23,813 - DEBUG - findfont: score(FontEntry(fname='C:\\Windows\\Fonts\\YuGothB.ttc', name='Yu Gothic', style='normal', variant='normal', weight=700, stretch='normal', size='scalable')) = 10.335
2026-03-30 10:16:23,813 - DEBUG - findfont: score(FontEntry(fname='C:\\Windows\\Fonts\\GARABD.TTF', name='Garamond', style='normal', variant='normal', weight=700, stretch='normal', size='scalable')) = 10.335
2026-03-30 10:16:23,813 - DEBUG - findfont: score(FontEntry(fname='C:\\Windows\\Fonts\\verdanai.ttf', name='Verdana', style='italic', variant='normal', weight=400, stretch='normal', size='scalable')) = 4.6863636363636365
2026-03-30 10:16:23,813 - DEBUG - findfont: score(FontEntry(fname='C:\\Windows\\Fonts\\CALISTI.TTF', name='Calisto MT', style='italic', variant='normal', weight=400, stretch='normal', size='scalable')) = 11.05
2026-03-30 10:16:23,814 - DEBUG - findfont: Matching sans\-serif:style=normal:variant=normal:weight=normal:stretch=normal:size=10.0 to DejaVu Sans ('C:\\Users\\akuhn\\AppData\\Local\\Packages\\PythonSoftwareFoundation.Python.3.13_qbz5n2kfra8p0\\LocalCache\\local-packages\\Python313\\site-packages\\matplotlib\\mpl-data\\fonts\\ttf\\DejaVuSans.ttf') with score of 0.050000.
2026-03-30 10:16:24,220 - DEBUG - STREAM b'IHDR' 16 13
2026-03-30 10:16:24,220 - DEBUG - STREAM b'tEXt' 41 58
2026-03-30 10:16:24,220 - DEBUG - STREAM b'pHYs' 111 9
2026-03-30 10:16:24,220 - DEBUG - STREAM b'IDAT' 132 65536
2026-03-30 10:16:24,572 - DEBUG - STREAM b'IHDR' 16 13
2026-03-30 10:16:24,572 - DEBUG - STREAM b'tEXt' 41 58
2026-03-30 10:16:24,573 - DEBUG - STREAM b'pHYs' 111 9
2026-03-30 10:16:24,573 - DEBUG - STREAM b'IDAT' 132 65536
2026-03-30 10:16:24,827 - DEBUG - STREAM b'IHDR' 16 13
2026-03-30 10:16:24,827 - DEBUG - STREAM b'tEXt' 41 58
2026-03-30 10:16:24,827 - DEBUG - STREAM b'pHYs' 111 9
2026-03-30 10:16:24,827 - DEBUG - STREAM b'IDAT' 132 65536
2026-03-30 10:16:26,240 - INFO - Players: ['Shai Gilgeous-Alexander'], Dates: 2025-10-01 \u2192 2026-03-30
2026-03-30 10:16:26,241 - INFO - Player Comparison Selected
2026-03-30 10:16:29,532 - INFO - Players: ['Shai Gilgeous-Alexander', 'Victor Wembanyama'], Dates: 2025-10-01 \u2192 2026-03-30
2026-03-30 10:16:29,534 - INFO - Player Comparison Selected
2026-03-30 10:16:29,546 - INFO - Data Processing Time: 0.012s
2026-03-30 10:16:29,885 - DEBUG - STREAM b'IHDR' 16 13
2026-03-30 10:16:29,885 - DEBUG - STREAM b'tEXt' 41 58
2026-03-30 10:16:29,885 - DEBUG - STREAM b'pHYs' 111 9
2026-03-30 10:16:29,885 - DEBUG - STREAM b'IDAT' 132 65536
2026-03-30 10:20:26,070 - INFO - Players: ['Shai Gilgeous-Alexander', 'Victor Wembanyama'], Dates: 2025-10-01 \u2192 2026-03-30
2026-03-30 10:20:26,072 - INFO - Player Comparison Selected
2026-03-30 10:20:26,092 - INFO - Data Processing Time: 0.0194s
2026-03-30 10:20:26,441 - DEBUG - STREAM b'IHDR' 16 13
2026-03-30 10:20:26,441 - DEBUG - STREAM b'tEXt' 41 58
2026-03-30 10:20:26,441 - DEBUG - STREAM b'pHYs' 111 9
2026-03-30 10:20:26,441 - DEBUG - STREAM b'IDAT' 132 65536
2026-03-30 10:22:32,469 - INFO - Players: ['Shai Gilgeous-Alexander', 'Victor Wembanyama'], Dates: 2025-10-01 \u2192 2026-03-30
2026-03-30 10:22:32,470 - INFO - Dashboard Selected
2026-03-30 10:22:34,170 - INFO - Players: ['Victor Wembanyama'], Dates: 2025-10-01 \u2192 2026-03-30
2026-03-30 10:22:34,170 - INFO - Dashboard Selected
2026-03-30 10:22:34,178 - INFO - Data Processing Time: 0.0076s
2026-03-30 10:22:34,485 - DEBUG - STREAM b'IHDR' 16 13
2026-03-30 10:22:34,485 - DEBUG - STREAM b'tEXt' 41 58
2026-03-30 10:22:34,485 - DEBUG - STREAM b'pHYs' 111 9
2026-03-30 10:22:34,485 - DEBUG - STREAM b'IDAT' 132 65536
2026-03-30 10:22:34,794 - DEBUG - STREAM b'IHDR' 16 13
2026-03-30 10:22:34,794 - DEBUG - STREAM b'tEXt' 41 58
2026-03-30 10:22:34,794 - DEBUG - STREAM b'pHYs' 111 9
2026-03-30 10:22:34,795 - DEBUG - STREAM b'IDAT' 132 65536
2026-03-30 10:22:35,088 - DEBUG - STREAM b'IHDR' 16 13
2026-03-30 10:22:35,089 - DEBUG - STREAM b'tEXt' 41 58
2026-03-30 10:22:35,089 - DEBUG - STREAM b'pHYs' 111 9
2026-03-30 10:22:35,089 - DEBUG - STREAM b'IDAT' 132 65536
2026-03-30 10:24:51,281 - INFO - Players: ['Victor Wembanyama'], Dates: 2025-10-01 \u2192 2026-03-30
2026-03-30 10:24:51,283 - INFO - Player Comparison Selected
2026-03-30 10:24:54,484 - INFO - Players: ['Victor Wembanyama', 'Shai Gilgeous-Alexander'], Dates: 2025-10-01 \u2192 2026-03-30
2026-03-30 10:24:54,484 - INFO - Player Comparison Selected
2026-03-30 10:24:54,494 - INFO - Data Processing Time: 0.0098s
2026-03-30 10:24:54,786 - DEBUG - STREAM b'IHDR' 16 13
2026-03-30 10:24:54,787 - DEBUG - STREAM b'tEXt' 41 58
2026-03-30 10:24:54,787 - DEBUG - STREAM b'pHYs' 111 9
2026-03-30 10:24:54,787 - DEBUG - STREAM b'IDAT' 132 65536
2026-03-30 10:27:29,195 - INFO - Players: ['Victor Wembanyama', 'Shai Gilgeous-Alexander'], Dates: 2025-10-01 \u2192 2026-03-30
2026-03-30 10:27:29,197 - INFO - Player Comparison Selected
2026-03-30 10:27:29,208 - INFO - Data Processing Time: 0.0109s
2026-03-30 10:27:29,563 - DEBUG - STREAM b'IHDR' 16 13
2026-03-30 10:27:29,564 - DEBUG - STREAM b'tEXt' 41 58
2026-03-30 10:27:29,564 - DEBUG - STREAM b'pHYs' 111 9
2026-03-30 10:27:29,564 - DEBUG - STREAM b'IDAT' 132 65536
2026-03-30 10:28:14,300 - INFO - Players: ['Victor Wembanyama', 'Shai Gilgeous-Alexander'], Dates: 2025-10-01 \u2192 2026-03-30
2026-03-30 10:28:14,302 - INFO - Player Comparison Selected
2026-03-30 10:28:14,328 - INFO - Data Processing Time: 0.0254s
2026-03-30 10:28:14,780 - DEBUG - STREAM b'IHDR' 16 13
2026-03-30 10:28:14,780 - DEBUG - STREAM b'tEXt' 41 58
2026-03-30 10:28:14,780 - DEBUG - STREAM b'pHYs' 111 9
2026-03-30 10:28:14,780 - DEBUG - STREAM b'IDAT' 132 65536
2026-03-30 10:28:25,968 - INFO - Players: ['Victor Wembanyama', 'Shai Gilgeous-Alexander'], Dates: 2025-10-01 \u2192 2026-03-30
2026-03-30 10:28:25,970 - INFO - Player Comparison Selected
2026-03-30 10:28:25,987 - INFO - Data Processing Time: 0.0164s
2026-03-30 10:28:26,356 - DEBUG - STREAM b'IHDR' 16 13
2026-03-30 10:28:26,356 - DEBUG - STREAM b'tEXt' 41 58
2026-03-30 10:28:26,356 - DEBUG - STREAM b'pHYs' 111 9
2026-03-30 10:28:26,356 - DEBUG - STREAM b'IDAT' 132 65536
2026-03-30 10:29:27,016 - INFO - Players: ['Victor Wembanyama', 'Shai Gilgeous-Alexander'], Dates: 2025-10-01 \u2192 2026-03-30
2026-03-30 10:29:27,017 - INFO - Player Comparison Selected
2026-03-30 10:29:27,028 - INFO - Data Processing Time: 0.0113s
2026-03-30 10:29:27,479 - DEBUG - STREAM b'IHDR' 16 13
2026-03-30 10:29:27,480 - DEBUG - STREAM b'tEXt' 41 58
2026-03-30 10:29:27,480 - DEBUG - STREAM b'pHYs' 111 9
2026-03-30 10:29:27,480 - DEBUG - STREAM b'IDAT' 132 65536
2026-03-30 10:29:39,426 - INFO - Players: ['Victor Wembanyama', 'Shai Gilgeous-Alexander'], Dates: 2025-10-01 \u2192 2026-03-30
2026-03-30 10:29:39,427 - INFO - Player Prediction Selected
2026-03-30 10:29:42,266 - INFO - Players: ['Victor Wembanyama'], Dates: 2025-10-01 \u2192 2026-03-30
2026-03-30 10:29:42,266 - INFO - Player Prediction Selected
2026-03-30 10:29:42,274 - INFO - Data Processing Time: 0.0076s
2026-03-30 10:29:42,363 - DEBUG - findfont: Matching sans\-serif:style=normal:variant=normal:weight=normal:stretch=normal:size=12.0.
2026-03-30 10:29:42,364 - DEBUG - findfont: score(FontEntry(fname='C:\\Users\\akuhn\\AppData\\Local\\Packages\\PythonSoftwareFoundation.Python.3.13_qbz5n2kfra8p0\\LocalCache\\local-packages\\Python313\\site-packages\\matplotlib\\mpl-data\\fonts\\ttf\\DejaVuSansMono-BoldOblique.ttf', name='DejaVu Sans Mono', style='oblique', variant='normal', weight=700, stretch='normal', size='scalable')) = 11.335
2026-03-30 10:29:42,364 - DEBUG - findfont: score(FontEntry(fname='C:\\Users\\akuhn\\AppData\\Local\\Packages\\PythonSoftwareFoundation.Python.3.13_qbz5n2kfra8p0\\LocalCache\\local-packages\\Python313\\site-packages\\matplotlib\\mpl-data\\fonts\\ttf\\STIXGeneralItalic.ttf', name='STIXGeneral', style='italic', variant='normal', weight=400, stretch='normal', size='scalable')) = 11.05
2026-03-30 10:29:42,364 - DEBUG - findfont: score(FontEntry(fname='C:\\Users\\akuhn\\AppData\\Local\\Packages\\PythonSoftwareFoundation.Python.3.13_qbz5n2kfra8p0\\LocalCache\\local-packages\\Python313\\site-packages\\matplotlib\\mpl-data\\fonts\\ttf\\cmmi10.ttf', name='cmmi10', style='normal', variant='normal', weight=400, stretch='normal', size='scalable')) = 10.05
2026-03-30 10:29:42,364 - DEBUG - findfont: score(FontEntry(fname='C:\\Users\\akuhn\\AppData\\Local\\Packages\\PythonSoftwareFoundation.Python.3.13_qbz5n2kfra8p0\\LocalCache\\local-packages\\Python313\\site-packages\\matplotlib\\mpl-data\\fonts\\ttf\\STIXSizOneSymBol.ttf', name='STIXSizeOneSym', style='normal', variant='normal', weight=700, stretch='normal', size='scalable')) = 10.335
2026-03-30 10:29:42,364 - DEBUG - findfont: score(FontEntry(fname='C:\\Users\\akuhn\\AppData\\Local\\Packages\\PythonSoftwareFoundation.Python.3.13_qbz5n2kfra8p0\\LocalCache\\local-packages\\Python313\\site-packages\\matplotlib\\mpl-data\\fonts\\ttf\\cmsy10.ttf', name='cmsy10', style='normal', variant='normal', weight=400, stretch='normal', size='scalable')) = 10.05
2026-03-30 10:29:42,364 - DEBUG - findfont: score(FontEntry(fname='C:\\Users\\akuhn\\AppData\\Local\\Packages\\PythonSoftwareFoundation.Python.3.13_qbz5n2kfra8p0\\LocalCache\\local-packages\\Python313\\site-packages\\matplotlib\\mpl-data\\fonts\\ttf\\DejaVuSans-Bold.ttf', name='DejaVu Sans', style='normal', variant='normal', weight=700, stretch='normal', size='scalable')) = 0.33499999999999996
2026-03-30 10:29:42,365 - DEBUG - findfont: score(FontEntry(fname='C:\\Users\\akuhn\\AppData\\Local\\Packages\\PythonSoftwareFoundation.Python.3.13_qbz5n2kfra8p0\\LocalCache\\local-packages\\Python313\\site-packages\\matplotlib\\mpl-data\\fonts\\ttf\\DejaVuSerif-BoldItalic.ttf', name='DejaVu Serif', style='italic', variant='normal', weight=700, stretch='normal', size='scalable')) = 11.335
2026-03-30 10:29:42,365 - DEBUG - findfont: score(FontEntry(fname='C:\\Users\\akuhn\\AppData\\Local\\Packages\\PythonSoftwareFoundation.Python.3.13_qbz5n2kfra8p0\\LocalCache\\local-packages\\Python313\\site-packages\\matplotlib\\mpl-data\\fonts\\ttf\\STIXNonUniBol.ttf', name='STIXNonUnicode', style='normal', variant='normal', weight=700, stretch='normal', size='scalable')) = 10.335
2026-03-30 10:29:42,365 - DEBUG - findfont: score(FontEntry(fname='C:\\Users\\akuhn\\AppData\\Local\\Packages\\PythonSoftwareFoundation.Python.3.13_qbz5n2kfra8p0\\LocalCache\\local-packages\\Python313\\site-packages\\matplotlib\\mpl-data\\fonts\\ttf\\STIXSizTwoSymBol.ttf', name='STIXSizeTwoSym', style='normal', variant='normal', weight=700, stretch='normal', size='scalable')) = 10.335
2026-03-30 10:29:42,365 - DEBUG - findfont: score(FontEntry(fname='C:\\Users\\akuhn\\AppData\\Local\\Packages\\PythonSoftwareFoundation.Python.3.13_qbz5n2kfra8p0\\LocalCache\\local-packages\\Python313\\site-packages\\matplotlib\\mpl-data\\fonts\\ttf\\cmb10.ttf', name='cmb10', style='normal', variant='normal', weight=400, stretch='normal', size='scalable')) = 10.05
2026-03-30 10:29:42,365 - DEBUG - findfont: score(FontEntry(fname='C:\\Users\\akuhn\\AppData\\Local\\Packages\\PythonSoftwareFoundation.Python.3.13_qbz5n2kfra8p0\\LocalCache\\local-packages\\Python313\\site-packages\\matplotlib\\mpl-data\\fonts\\ttf\\cmr10.ttf', name='cmr10', style='normal', variant='normal', weight=400, stretch='normal', size='scalable')) = 10.05
2026-03-30 10:29:42,365 - DEBUG - findfont: score(FontEntry(fname='C:\\Users\\akuhn\\AppData\\Local\\Packages\\PythonSoftwareFoundation.Python.3.13_qbz5n2kfra8p0\\LocalCache\\local-packages\\Python313\\site-packages\\matplotlib\\mpl-data\\fonts\\ttf\\cmtt10.ttf', name='cmtt10', style='normal', variant='normal', weight=400, stretch='normal', size='scalable')) = 10.05
2026-03-30 10:29:42,365 - DEBUG - findfont: score(FontEntry(fname='C:\\Users\\akuhn\\AppData\\Local\\Packages\\PythonSoftwareFoundation.Python.3.13_qbz5n2kfra8p0\\LocalCache\\local-packages\\Python313\\site-packages\\matplotlib\\mpl-data\\fonts\\ttf\\DejaVuSerif.ttf', name='DejaVu Serif', style='normal', variant='normal', weight=400, stretch='normal', size='scalable')) = 10.05
2026-03-30 10:29:42,365 - DEBUG - findfont: score(FontEntry(fname='C:\\Users\\akuhn\\AppData\\Local\\Packages\\PythonSoftwareFoundation.Python.3.13_qbz5n2kfra8p0\\LocalCache\\local-packages\\Python313\\site-packages\\matplotlib\\mpl-data\\fonts\\ttf\\DejaVuSansMono.ttf', name='DejaVu Sans Mono', style='normal', variant='normal', weight=400, stretch='normal', size='scalable')) = 10.05
2026-03-30 10:29:42,365 - DEBUG - findfont: score(FontEntry(fname='C:\\Users\\akuhn\\AppData\\Local\\Packages\\PythonSoftwareFoundation.Python.3.13_qbz5n2kfra8p0\\LocalCache\\local-packages\\Python313\\site-packages\\matplotlib\\mpl-data\\fonts\\ttf\\STIXSizThreeSymBol.ttf', name='STIXSizeThreeSym', style='normal', variant='normal', weight=700, stretch='normal', size='scalable')) = 10.335
2026-03-30 10:29:42,365 - DEBUG - findfont: score(FontEntry(fname='C:\\Users\\akuhn\\AppData\\Local\\Packages\\PythonSoftwareFoundation.Python.3.13_qbz5n2kfra8p0\\LocalCache\\local-packages\\Python313\\site-packages\\matplotlib\\mpl-data\\fonts\\ttf\\DejaVuSans-Oblique.ttf', name='DejaVu Sans', style='oblique', variant='normal', weight=400, stretch='normal', size='scalable')) = 1.05
2026-03-30 10:29:42,365 - DEBUG - findfont: score(FontEntry(fname='C:\\Users\\akuhn\\AppData\\Local\\Packages\\PythonSoftwareFoundation.Python.3.13_qbz5n2kfra8p0\\LocalCache\\local-packages\\Python313\\site-packages\\matplotlib\\mpl-data\\fonts\\ttf\\cmex10.ttf', name='cmex10', style='normal', variant='normal', weight=400, stretch='normal', size='scalable')) = 10.05
2026-03-30 10:29:42,366 - DEBUG - findfont: score(FontEntry(fname='C:\\Users\\akuhn\\AppData\\Local\\Packages\\PythonSoftwareFoundation.Python.3.13_qbz5n2kfra8p0\\LocalCache\\local-packages\\Python313\\site-packages\\matplotlib\\mpl-data\\fonts\\ttf\\STIXNonUniBolIta.ttf', name='STIXNonUnicode', style='italic', variant='normal', weight=700, stretch='normal', size='scalable')) = 11.335
2026-03-30 10:29:42,366 - DEBUG - findfont: score(FontEntry(fname='C:\\Users\\akuhn\\AppData\\Local\\Packages\\PythonSoftwareFoundation.Python.3.13_qbz5n2kfra8p0\\LocalCache\\local-packages\\Python313\\site-packages\\matplotlib\\mpl-data\\fonts\\ttf\\DejaVuSansDisplay.ttf', name='DejaVu Sans Display', style='normal', variant='normal', weight=400, stretch='normal', size='scalable')) = 10.05
2026-03-30 10:29:42,366 - DEBUG - findfont: score(FontEntry(fname='C:\\Users\\akuhn\\AppData\\Local\\Packages\\PythonSoftwareFoundation.Python.3.13_qbz5n2kfra8p0\\LocalCache\\local-packages\\Python313\\site-packages\\matplotlib\\mpl-data\\fonts\\ttf\\STIXSizFourSymBol.ttf', name='STIXSizeFourSym', style='normal', variant='normal', weight=700, stretch='normal', size='scalable')) = 10.335
2026-03-30 10:29:42,366 - DEBUG - findfont: score(FontEntry(fname='C:\\Users\\akuhn\\AppData\\Local\\Packages\\PythonSoftwareFoundation.Python.3.13_qbz5n2kfra8p0\\LocalCache\\local-packages\\Python313\\site-packages\\matplotlib\\mpl-data\\fonts\\ttf\\DejaVuSansMono-Oblique.ttf', name='DejaVu Sans Mono', style='oblique', variant='normal', weight=400, stretch='normal', size='scalable')) = 11.05
2026-03-30 10:29:42,366 - DEBUG - findfont: score(FontEntry(fname='C:\\Users\\akuhn\\AppData\\Local\\Packages\\PythonSoftwareFoundation.Python.3.13_qbz5n2kfra8p0\\LocalCache\\local-packages\\Python313\\site-packages\\matplotlib\\mpl-data\\fonts\\ttf\\DejaVuSansMono-Bold.ttf', name='DejaVu Sans Mono', style='normal', variant='normal', weight=700, stretch='normal', size='scalable')) = 10.335
2026-03-30 10:29:42,366 - DEBUG - findfont: score(FontEntry(fname='C:\\Users\\akuhn\\AppData\\Local\\Packages\\PythonSoftwareFoundation.Python.3.13_qbz5n2kfra8p0\\LocalCache\\local-packages\\Python313\\site-packages\\matplotlib\\mpl-data\\fonts\\ttf\\STIXSizFiveSymReg.ttf', name='STIXSizeFiveSym', style='normal', variant='normal', weight=400, stretch='normal', size='scalable')) = 10.05
2026-03-30 10:29:42,366 - DEBUG - findfont: score(FontEntry(fname='C:\\Users\\akuhn\\AppData\\Local\\Packages\\PythonSoftwareFoundation.Python.3.13_qbz5n2kfra8p0\\LocalCache\\local-packages\\Python313\\site-packages\\matplotlib\\mpl-data\\fonts\\ttf\\DejaVuSans-BoldOblique.ttf', name='DejaVu Sans', style='oblique', variant='normal', weight=700, stretch='normal', size='scalable')) = 1.335
2026-03-30 10:29:42,366 - DEBUG - findfont: score(FontEntry(fname='C:\\Users\\akuhn\\AppData\\Local\\Packages\\PythonSoftwareFoundation.Python.3.13_qbz5n2kfra8p0\\LocalCache\\local-packages\\Python313\\site-packages\\matplotlib\\mpl-data\\fonts\\ttf\\STIXGeneral.ttf', name='STIXGeneral', style='normal', variant='normal', weight=400, stretch='normal', size='scalable')) = 10.05
2026-03-30 10:29:42,366 - DEBUG - findfont: score(FontEntry(fname='C:\\Users\\akuhn\\AppData\\Local\\Packages\\PythonSoftwareFoundation.Python.3.13_qbz5n2kfra8p0\\LocalCache\\local-packages\\Python313\\site-packages\\matplotlib\\mpl-data\\fonts\\ttf\\cmss10.ttf', name='cmss10', style='normal', variant='normal', weight=400, stretch='normal', size='scalable')) = 10.05
2026-03-30 10:29:42,366 - DEBUG - findfont: score(FontEntry(fname='C:\\Users\\akuhn\\AppData\\Local\\Packages\\PythonSoftwareFoundation.Python.3.13_qbz5n2kfra8p0\\LocalCache\\local-packages\\Python313\\site-packages\\matplotlib\\mpl-data\\fonts\\ttf\\STIXNonUniIta.ttf', name='STIXNonUnicode', style='italic', variant='normal', weight=400, stretch='normal', size='scalable')) = 11.05
2026-03-30 10:29:42,366 - DEBUG - findfont: score(FontEntry(fname='C:\\Users\\akuhn\\AppData\\Local\\Packages\\PythonSoftwareFoundation.Python.3.13_qbz5n2kfra8p0\\LocalCache\\local-packages\\Python313\\site-packages\\matplotlib\\mpl-data\\fonts\\ttf\\DejaVuSerif-Italic.ttf', name='DejaVu Serif', style='italic', variant='normal', weight=400, stretch='normal', size='scalable')) = 11.05
2026-03-30 10:29:42,367 - DEBUG - findfont: score(FontEntry(fname='C:\\Users\\akuhn\\AppData\\Local\\Packages\\PythonSoftwareFoundation.Python.3.13_qbz5n2kfra8p0\\LocalCache\\local-packages\\Python313\\site-packages\\matplotlib\\mpl-data\\fonts\\ttf\\DejaVuSerifDisplay.ttf', name='DejaVu Serif Display', style='normal', variant='normal', weight=400, stretch='normal', size='scalable')) = 10.05
2026-03-30 10:29:42,367 - DEBUG - findfont: score(FontEntry(fname='C:\\Users\\akuhn\\AppData\\Local\\Packages\\PythonSoftwareFoundation.Python.3.13_qbz5n2kfra8p0\\LocalCache\\local-packages\\Python313\\site-packages\\matplotlib\\mpl-data\\fonts\\ttf\\STIXSizTwoSymReg.ttf', name='STIXSizeTwoSym', style='normal', variant='normal', weight=400, stretch='normal', size='scalable')) = 10.05
2026-03-30 10:29:42,367 - DEBUG - findfont: score(FontEntry(fname='C:\\Users\\akuhn\\AppData\\Local\\Packages\\PythonSoftwareFoundation.Python.3.13_qbz5n2kfra8p0\\LocalCache\\local-packages\\Python313\\site-packages\\matplotlib\\mpl-data\\fonts\\ttf\\STIXSizOneSymReg.ttf', name='STIXSizeOneSym', style='normal', variant='normal', weight=400, stretch='normal', size='scalable')) = 10.05
2026-03-30 10:29:42,367 - DEBUG - findfont: score(FontEntry(fname='C:\\Users\\akuhn\\AppData\\Local\\Packages\\PythonSoftwareFoundation.Python.3.13_qbz5n2kfra8p0\\LocalCache\\local-packages\\Python313\\site-packages\\matplotlib\\mpl-data\\fonts\\ttf\\DejaVuSerif-Bold.ttf', name='DejaVu Serif', style='normal', variant='normal', weight=700, stretch='normal', size='scalable')) = 10.335
2026-03-30 10:29:42,367 - DEBUG - findfont: score(FontEntry(fname='C:\\Users\\akuhn\\AppData\\Local\\Packages\\PythonSoftwareFoundation.Python.3.13_qbz5n2kfra8p0\\LocalCache\\local-packages\\Python313\\site-packages\\matplotlib\\mpl-data\\fonts\\ttf\\STIXSizThreeSymReg.ttf', name='STIXSizeThreeSym', style='normal', variant='normal', weight=400, stretch='normal', size='scalable')) = 10.05
2026-03-30 10:29:42,367 - DEBUG - findfont: score(FontEntry(fname='C:\\Users\\akuhn\\AppData\\Local\\Packages\\PythonSoftwareFoundation.Python.3.13_qbz5n2kfra8p0\\LocalCache\\local-packages\\Python313\\site-packages\\matplotlib\\mpl-data\\fonts\\ttf\\STIXSizFourSymReg.ttf', name='STIXSizeFourSym', style='normal', variant='normal', weight=400, stretch='normal', size='scalable')) = 10.05
2026-03-30 10:29:42,367 - DEBUG - findfont: score(FontEntry(fname='C:\\Users\\akuhn\\AppData\\Local\\Packages\\PythonSoftwareFoundation.Python.3.13_qbz5n2kfra8p0\\LocalCache\\local-packages\\Python313\\site-packages\\matplotlib\\mpl-data\\fonts\\ttf\\STIXGeneralBolIta.ttf', name='STIXGeneral', style='italic', variant='normal', weight=700, stretch='normal', size='scalable')) = 11.335
2026-03-30 10:29:42,367 - DEBUG - findfont: score(FontEntry(fname='C:\\Users\\akuhn\\AppData\\Local\\Packages\\PythonSoftwareFoundation.Python.3.13_qbz5n2kfra8p0\\LocalCache\\local-packages\\Python313\\site-packages\\matplotlib\\mpl-data\\fonts\\ttf\\STIXGeneralBol.ttf', name='STIXGeneral', style='normal', variant='normal', weight=700, stretch='normal', size='scalable')) = 10.335
2026-03-30 10:29:42,367 - DEBUG - findfont: score(FontEntry(fname='C:\\Users\\akuhn\\AppData\\Local\\Packages\\PythonSoftwareFoundation.Python.3.13_qbz5n2kfra8p0\\LocalCache\\local-packages\\Python313\\site-packages\\matplotlib\\mpl-data\\fonts\\ttf\\DejaVuSans.ttf', name='DejaVu Sans', style='normal', variant='normal', weight=400, stretch='normal', size='scalable')) = 0.05
2026-03-30 10:29:42,367 - DEBUG - findfont: score(FontEntry(fname='C:\\Users\\akuhn\\AppData\\Local\\Packages\\PythonSoftwareFoundation.Python.3.13_qbz5n2kfra8p0\\LocalCache\\local-packages\\Python313\\site-packages\\matplotlib\\mpl-data\\fonts\\ttf\\STIXNonUni.ttf', name='STIXNonUnicode', style='normal', variant='normal', weight=400, stretch='normal', size='scalable')) = 10.05
2026-03-30 10:29:42,367 - DEBUG - findfont: score(FontEntry(fname='C:\\Windows\\Fonts\\GIGI.TTF', name='Gigi', style='normal', variant='normal', weight=400, stretch='normal', size='scalable')) = 10.05
2026-03-30 10:29:42,368 - DEBUG - findfont: score(FontEntry(fname='C:\\Windows\\Fonts\\palai.ttf', name='Palatino Linotype', style='italic', variant='normal', weight=400, stretch='normal', size='scalable')) = 11.05
2026-03-30 10:29:42,368 - DEBUG - findfont: score(FontEntry(fname='C:\\Windows\\Fonts\\ALGER.TTF', name='Algerian', style='normal', variant='normal', weight=400, stretch='normal', size='scalable')) = 10.05
2026-03-30 10:29:42,368 - DEBUG - findfont: score(FontEntry(fname='C:\\Windows\\Fonts\\SCHLBKI.TTF', name='Century Schoolbook', style='italic', variant='normal', weight=400, stretch='normal', size='scalable')) = 11.05
2026-03-30 10:29:42,368 - DEBUG - findfont: score(FontEntry(fname='C:\\Windows\\Fonts\\ONYX.TTF', name='Onyx', style='normal', variant='normal', weight=400, stretch='normal', size='scalable')) = 10.05
2026-03-30 10:29:42,368 - DEBUG - findfont: score(FontEntry(fname='C:\\Windows\\Fonts\\ariblk.ttf', name='Arial', style='normal', variant='normal', weight=900, stretch='normal', size='scalable')) = 6.888636363636364
2026-03-30 10:29:42,368 - DEBUG - findfont: score(FontEntry(fname='C:\\Windows\\Fonts\\NIAGSOL.TTF', name='Niagara Solid', style='normal', variant='normal', weight=400, stretch='normal', size='scalable')) = 10.05
2026-03-30 10:29:42,368 - DEBUG - findfont: score(FontEntry(fname='C:\\Windows\\Fonts\\consola.ttf', name='Consolas', style='normal', variant='normal', weight=400, stretch='normal', size='scalable')) = 10.05
2026-03-30 10:29:42,368 - DEBUG - findfont: score(FontEntry(fname='C:\\Windows\\Fonts\\BOD_BI.TTF', name='Bodoni MT', style='italic', variant='normal', weight=700, stretch='normal', size='scalable')) = 11.335
2026-03-30 10:29:42,368 - DEBUG - findfont: score(FontEntry(fname='C:\\Windows\\Fonts\\PARCHM.TTF', name='Parchment', style='normal', variant='normal', weight=400, stretch='normal', size='scalable')) = 10.05
2026-03-30 10:29:42,369 - DEBUG - findfont: score(FontEntry(fname='C:\\Windows\\Fonts\\phagspa.ttf', name='Microsoft PhagsPa', style='normal', variant='normal', weight=400, stretch='normal', size='scalable')) = 10.05
2026-03-30 10:29:42,369 - DEBUG - findfont: score(FontEntry(fname='C:\\Windows\\Fonts\\GOUDOSB.TTF', name='Goudy Old Style', style='normal', variant='normal', weight=700, stretch='normal', size='scalable')) = 10.335
2026-03-30 10:29:42,369 - DEBUG - findfont: score(FontEntry(fname='C:\\Windows\\Fonts\\FREESCPT.TTF', name='Freestyle Script', style='normal', variant='normal', weight=400, stretch='normal', size='scalable')) = 10.05
2026-03-30 10:29:42,369 - DEBUG - findfont: score(FontEntry(fname='C:\\Windows\\Fonts\\georgiaz.ttf', name='Georgia', style='italic', variant='normal', weight=700, stretch='normal', size='scalable')) = 11.335
2026-03-30 10:29:42,369 - DEBUG - findfont: score(FontEntry(fname='C:\\Windows\\Fonts\\trebucbd.ttf', name='Trebuchet MS', style='normal', variant='normal', weight=700, stretch='normal', size='scalable')) = 10.335
2026-03-30 10:29:42,369 - DEBUG - findfont: score(FontEntry(fname='C:\\Windows\\Fonts\\HATTEN.TTF', name='Haettenschweiler', style='normal', variant='normal', weight=400, stretch='normal', size='scalable')) = 10.05
2026-03-30 10:29:42,369 - DEBUG - findfont: score(FontEntry(fname='C:\\Windows\\Fonts\\sylfaen.ttf', name='Sylfaen', style='normal', variant='normal', weight=400, stretch='normal', size='scalable')) = 10.05
2026-03-30 10:29:42,370 - DEBUG - findfont: score(FontEntry(fname='C:\\Windows\\Fonts\\BOD_R.TTF', name='Bodoni MT', style='normal', variant='normal', weight=400, stretch='normal', size='scalable')) = 10.05
2026-03-30 10:29:42,370 - DEBUG - findfont: score(FontEntry(fname='C:\\Windows\\Fonts\\YuGothR.ttc', name='Yu Gothic', style='normal', variant='normal', weight=400, stretch='normal', size='scalable')) = 10.05
2026-03-30 10:29:42,370 - DEBUG - findfont: score(FontEntry(fname='C:\\Windows\\Fonts\\msyhbd.ttc', name='Microsoft YaHei', style='normal', variant='normal', weight=700, stretch='normal', size='scalable')) = 10.335
2026-03-30 10:29:42,370 - DEBUG - findfont: score(FontEntry(fname='C:\\Windows\\Fonts\\msyhl.ttc', name='Microsoft YaHei', style='normal', variant='normal', weight=290, stretch='normal', size='scalable')) = 10.1545
2026-03-30 10:29:42,370 - DEBUG - findfont: score(FontEntry(fname='C:\\Windows\\Fonts\\BOD_BLAI.TTF', name='Bodoni MT', style='italic', variant='normal', weight=900, stretch='normal', size='scalable')) = 11.525
2026-03-30 10:29:42,370 - DEBUG - findfont: score(FontEntry(fname='C:\\Windows\\Fonts\\BRITANIC.TTF', name='Britannic Bold', style='normal', variant='normal', weight=400, stretch='normal', size='scalable')) = 10.05
2026-03-30 10:29:42,370 - DEBUG - findfont: score(FontEntry(fname='C:\\Windows\\Fonts\\Candarab.ttf', name='Candara', style='normal', variant='normal', weight=700, stretch='normal', size='scalable')) = 10.335
2026-03-30 10:29:42,370 - DEBUG - findfont: score(FontEntry(fname='C:\\Windows\\Fonts\\GOTHICBI.TTF', name='Century Gothic', style='italic', variant='normal', weight=700, stretch='normal', size='scalable')) = 11.335
2026-03-30 10:29:42,370 - DEBUG - findfont: score(FontEntry(fname='C:\\Windows\\Fonts\\DUBAI-BOLD.TTF', name='Dubai', style='normal', variant='normal', weight=700, stretch='normal', size='scalable')) = 10.335
2026-03-30 10:29:42,370 - DEBUG - findfont: score(FontEntry(fname='C:\\Windows\\Fonts\\Candaraz.ttf', name='Candara', style='italic', variant='normal', weight=700, stretch='normal', size='scalable')) = 11.335
2026-03-30 10:29:42,370 - DEBUG - findfont: score(FontEntry(fname='C:\\Windows\\Fonts\\FRAHVIT.TTF', name='Franklin Gothic Heavy', style='italic', variant='normal', weight=400, stretch='normal', size='scalable')) = 11.05
2026-03-30 10:29:42,370 - DEBUG - findfont: score(FontEntry(fname='C:\\Windows\\Fonts\\OUTLOOK.TTF', name='MS Outlook', style='normal', variant='normal', weight=400, stretch='normal', size='scalable')) = 10.05
2026-03-30 10:29:42,371 - DEBUG - findfont: score(FontEntry(fname='C:\\Windows\\Fonts\\arialbd.ttf', name='Arial', style='normal', variant='normal', weight=700, stretch='normal', size='scalable')) = 6.698636363636363
2026-03-30 10:29:42,371 - DEBUG - findfont: score(FontEntry(fname='C:\\Windows\\Fonts\\mmrtext.ttf', name='Myanmar Text', style='normal', variant='normal', weight=400, stretch='normal', size='scalable')) = 10.05
2026-03-30 10:29:42,371 - DEBUG - findfont: score(FontEntry(fname='C:\\Windows\\Fonts\\CENSCBK.TTF', name='Century Schoolbook', style='normal', variant='normal', weight=400, stretch='normal', size='scalable')) = 10.05
2026-03-30 10:29:42,371 - DEBUG - findfont: score(FontEntry(fname='C:\\Windows\\Fonts\\LSANSI.TTF', name='Lucida Sans', style='italic', variant='normal', weight=400, stretch='normal', size='scalable')) = 11.05
2026-03-30 10:29:42,371 - DEBUG - findfont: score(FontEntry(fname='C:\\Windows\\Fonts\\BRLNSB.TTF', name='Berlin Sans FB', style='normal', variant='normal', weight=700, stretch='normal', size='scalable')) = 10.335
2026-03-30 10:29:42,371 - DEBUG - findfont: score(FontEntry(fname='C:\\Windows\\Fonts\\segoeuiz.ttf', name='Segoe UI', style='italic', variant='normal', weight=700, stretch='normal', size='scalable')) = 11.335
2026-03-30 10:29:42,371 - DEBUG - findfont: score(FontEntry(fname='C:\\Windows\\Fonts\\BELLB.TTF', name='Bell MT', style='normal', variant='normal', weight=700, stretch='normal', size='scalable')) = 10.335
2026-03-30 10:29:42,371 - DEBUG - findfont: score(FontEntry(fname='C:\\Windows\\Fonts\\CALIST.TTF', name='Calisto MT', style='normal', variant='normal', weight=400, stretch='normal', size='scalable')) = 10.05
2026-03-30 10:29:42,371 - DEBUG - findfont: score(FontEntry(fname='C:\\Windows\\Fonts\\webdings.ttf', name='Webdings', style='normal', variant='normal', weight=400, stretch='normal', size='scalable')) = 10.05
2026-03-30 10:29:42,371 - DEBUG - findfont: score(FontEntry(fname='C:\\Windows\\Fonts\\GLECB.TTF', name='Gloucester MT Extra Condensed', style='normal', variant='normal', weight=400, stretch='condensed', size='scalable')) = 10.25
2026-03-30 10:29:42,371 - DEBUG - findfont: score(FontEntry(fname='C:\\Windows\\Fonts\\FRADMIT.TTF', name='Franklin Gothic Demi', style='italic', variant='normal', weight=400, stretch='normal', size='scalable')) = 11.05
2026-03-30 10:29:42,371 - DEBUG - findfont: score(FontEntry(fname='C:\\Windows\\Fonts\\BAUHS93.TTF', name='Bauhaus 93', style='normal', variant='normal', weight=400, stretch='normal', size='scalable')) = 10.05
2026-03-30 10:29:42,371 - DEBUG - findfont: score(FontEntry(fname='C:\\Windows\\Fonts\\PERI____.TTF', name='Perpetua', style='italic', variant='normal', weight=400, stretch='normal', size='scalable')) = 11.05
2026-03-30 10:29:42,371 - DEBUG - findfont: score(FontEntry(fname='C:\\Windows\\Fonts\\ERASLGHT.TTF', name='Eras Light ITC', style='normal', variant='normal', weight=400, stretch='normal', size='scalable')) = 10.05
2026-03-30 10:29:42,372 - DEBUG - findfont: score(FontEntry(fname='C:\\Windows\\Fonts\\segoeuib.ttf', name='Segoe UI', style='normal', variant='normal', weight=700, stretch='normal', size='scalable')) = 10.335
2026-03-30 10:29:42,372 - DEBUG - findfont: score(FontEntry(fname='C:\\Windows\\Fonts\\ARLRDBD.TTF', name='Arial Rounded MT Bold', style='normal', variant='normal', weight=400, stretch='normal', size='scalable')) = 10.05
2026-03-30 10:29:42,372 - DEBUG - findfont: score(FontEntry(fname='C:\\Windows\\Fonts\\arial.ttf', name='Arial', style='normal', variant='normal', weight=400, stretch='normal', size='scalable')) = 6.413636363636363
2026-03-30 10:29:42,372 - DEBUG - findfont: score(FontEntry(fname='C:\\Windows\\Fonts\\ITCEDSCR.TTF', name='Edwardian Script ITC', style='normal', variant='normal', weight=400, stretch='normal', size='scalable')) = 10.05
2026-03-30 10:29:42,372 - DEBUG - findfont: score(FontEntry(fname='C:\\Windows\\Fonts\\micross.ttf', name='Microsoft Sans Serif', style='normal', variant='normal', weight=400, stretch='normal', size='scalable')) = 10.05
2026-03-30 10:29:42,372 - DEBUG - findfont: score(FontEntry(fname='C:\\Windows\\Fonts\\GOUDYSTO.TTF', name='Goudy Stout', style='normal', variant='normal', weight=400, stretch='normal', size='scalable')) = 10.05
2026-03-30 10:29:42,372 - DEBUG - findfont: score(FontEntry(fname='C:\\Windows\\Fonts\\trebucit.ttf', name='Trebuchet MS', style='italic', variant='normal', weight=400, stretch='normal', size='scalable')) = 11.05
2026-03-30 10:29:42,372 - DEBUG - findfont: score(FontEntry(fname='C:\\Windows\\Fonts\\courbd.ttf', name='Courier New', style='normal', variant='normal', weight=700, stretch='normal', size='scalable')) = 10.335
2026-03-30 10:29:42,372 - DEBUG - findfont: score(FontEntry(fname='C:\\Windows\\Fonts\\JUICE___.TTF', name='Juice ITC', style='normal', variant='normal', weight=400, stretch='normal', size='scalable')) = 10.05
2026-03-30 10:29:42,372 - DEBUG - findfont: score(FontEntry(fname='C:\\Windows\\Fonts\\timesbd.ttf', name='Times New Roman', style='normal', variant='normal', weight=700, stretch='normal', size='scalable')) = 10.335
2026-03-30 10:29:42,373 - DEBUG - findfont: score(FontEntry(fname='C:\\Windows\\Fonts\\COOPBL.TTF', name='Cooper Black', style='normal', variant='normal', weight=400, stretch='normal', size='scalable')) = 10.05
2026-03-30 10:29:42,373 - DEBUG - findfont: score(FontEntry(fname='C:\\Windows\\Fonts\\timesi.ttf', name='Times New Roman', style='italic', variant='normal', weight=400, stretch='normal', size='scalable')) = 11.05
2026-03-30 10:29:42,373 - DEBUG - findfont: score(FontEntry(fname='C:\\Windows\\Fonts\\GILBI___.TTF', name='Gill Sans MT', style='italic', variant='normal', weight=700, stretch='normal', size='scalable')) = 11.335
2026-03-30 10:29:42,373 - DEBUG - findfont: score(FontEntry(fname='C:\\Windows\\Fonts\\couri.ttf', name='Courier New', style='italic', variant='normal', weight=400, stretch='normal', size='scalable')) = 11.05
2026-03-30 10:29:42,373 - DEBUG - findfont: score(FontEntry(fname='C:\\Windows\\Fonts\\LFAXI.TTF', name='Lucida Fax', style='italic', variant='normal', weight=400, stretch='normal', size='scalable')) = 11.05
2026-03-30 10:29:42,373 - DEBUG - findfont: score(FontEntry(fname='C:\\Windows\\Fonts\\SitkaVF-Italic.ttf', name='Sitka', style='italic', variant='normal', weight=400, stretch='normal', size='scalable')) = 11.05
2026-03-30 10:29:42,373 - DEBUG - findfont: score(FontEntry(fname='C:\\Windows\\Fonts\\DUBAI-REGULAR.TTF', name='Dubai', style='normal', variant='normal', weight=400, stretch='normal', size='scalable')) = 10.05
2026-03-30 10:29:42,373 - DEBUG - findfont: score(FontEntry(fname='C:\\Windows\\Fonts\\ITCKRIST.TTF', name='Kristen ITC', style='normal', variant='normal', weight=400, stretch='normal', size='scalable')) = 10.05
2026-03-30 10:29:42,373 - DEBUG - findfont: score(FontEntry(fname='C:\\Windows\\Fonts\\VINERITC.TTF', name='Viner Hand ITC', style='normal', variant='normal', weight=400, stretch='normal', size='scalable')) = 10.05
2026-03-30 10:29:42,373 - DEBUG - findfont: score(FontEntry(fname='C:\\Windows\\Fonts\\FRAHV.TTF', name='Franklin Gothic Heavy', style='normal', variant='normal', weight=400, stretch='normal', size='scalable')) = 10.05
2026-03-30 10:29:42,373 - DEBUG - findfont: score(FontEntry(fname='C:\\Windows\\Fonts\\ANTQUAB.TTF', name='Book Antiqua', style='normal', variant='normal', weight=700, stretch='normal', size='scalable')) = 10.335
2026-03-30 10:29:42,373 - DEBUG - findfont: score(FontEntry(fname='C:\\Windows\\Fonts\\cambriab.ttf', name='Cambria', style='normal', variant='normal', weight=700, stretch='normal', size='scalable')) = 10.335
2026-03-30 10:29:42,373 - DEBUG - findfont: score(FontEntry(fname='C:\\Windows\\Fonts\\AGENCYR.TTF', name='Agency FB', style='normal', variant='normal', weight=400, stretch='normal', size='scalable')) = 10.05
2026-03-30 10:29:42,374 - DEBUG - findfont: score(FontEntry(fname='C:\\Windows\\Fonts\\ROCC____.TTF', name='Rockwell Condensed', style='normal', variant='normal', weight=400, stretch='condensed', size='scalable')) = 10.25
2026-03-30 10:29:42,374 - DEBUG - findfont: score(FontEntry(fname='C:\\Windows\\Fonts\\constanb.ttf', name='Constantia', style='normal', variant='normal', weight=700, stretch='normal', size='scalable')) = 10.335
2026-03-30 10:29:42,374 - DEBUG - findfont: score(FontEntry(fname='C:\\Windows\\Fonts\\GILLUBCD.TTF', name='Gill Sans Ultra Bold Condensed', style='normal', variant='normal', weight=400, stretch='condensed', size='scalable')) = 10.25
2026-03-30 10:29:42,374 - DEBUG - findfont: score(FontEntry(fname='C:\\Windows\\Fonts\\MAIAN.TTF', name='Maiandra GD', style='normal', variant='normal', weight=400, stretch='normal', size='scalable')) = 10.05
2026-03-30 10:29:42,374 - DEBUG - findfont: score(FontEntry(fname='C:\\Windows\\Fonts\\wingding.ttf', name='Wingdings', style='normal', variant='normal', weight=400, stretch='normal', size='scalable')) = 10.05
2026-03-30 10:29:42,374 - DEBUG - findfont: score(FontEntry(fname='C:\\Windows\\Fonts\\consolab.ttf', name='Consolas', style='normal', variant='normal', weight=700, stretch='normal', size='scalable')) = 10.335
2026-03-30 10:29:42,374 - DEBUG - findfont: score(FontEntry(fname='C:\\Windows\\Fonts\\GOTHICI.TTF', name='Century Gothic', style='italic', variant='normal', weight=400, stretch='normal', size='scalable')) = 11.05
2026-03-30 10:29:42,374 - DEBUG - findfont: score(FontEntry(fname='C:\\Windows\\Fonts\\calibri.ttf', name='Calibri', style='normal', variant='normal', weight=400, stretch='normal', size='scalable')) = 10.05
2026-03-30 10:29:42,374 - DEBUG - findfont: score(FontEntry(fname='C:\\Windows\\Fonts\\cambriaz.ttf', name='Cambria', style='italic', variant='normal', weight=700, stretch='normal', size='scalable')) = 11.335
2026-03-30 10:29:42,375 - DEBUG - findfont: score(FontEntry(fname='C:\\Windows\\Fonts\\GOUDOSI.TTF', name='Goudy Old Style', style='italic', variant='normal', weight=400, stretch='normal', size='scalable')) = 11.05
2026-03-30 10:29:42,375 - DEBUG - findfont: score(FontEntry(fname='C:\\Windows\\Fonts\\SansSerifCollection.ttf', name='Sans Serif Collection', style='normal', variant='normal', weight=400, stretch='normal', size='scalable')) = 10.05
2026-03-30 10:29:42,375 - DEBUG - findfont: score(FontEntry(fname='C:\\Windows\\Fonts\\ANTQUABI.TTF', name='Book Antiqua', style='italic', variant='normal', weight=700, stretch='normal', size='scalable')) = 11.335
2026-03-30 10:29:42,376 - DEBUG - findfont: score(FontEntry(fname='C:\\Windows\\Fonts\\segoeuii.ttf', name='Segoe UI', style='italic', variant='normal', weight=400, stretch='normal', size='scalable')) = 11.05
2026-03-30 10:29:42,377 - DEBUG - findfont: score(FontEntry(fname='C:\\Windows\\Fonts\\YuGothM.ttc', name='Yu Gothic', style='normal', variant='normal', weight=500, stretch='normal', size='scalable')) = 10.145
2026-03-30 10:29:42,377 - DEBUG - findfont: score(FontEntry(fname='C:\\Windows\\Fonts\\segoeprb.ttf', name='Segoe Print', style='normal', variant='normal', weight=700, stretch='normal', size='scalable')) = 10.335
2026-03-30 10:29:42,377 - DEBUG - findfont: score(FontEntry(fname='C:\\Windows\\Fonts\\LTYPEB.TTF', name='Lucida Sans Typewriter', style='normal', variant='normal', weight=600, stretch='normal', size='scalable')) = 10.24
2026-03-30 10:29:42,377 - DEBUG - findfont: score(FontEntry(fname='C:\\Windows\\Fonts\\FTLTLT.TTF', name='Footlight MT Light', style='normal', variant='normal', weight=300, stretch='normal', size='scalable')) = 10.145
2026-03-30 10:29:42,377 - DEBUG - findfont: score(FontEntry(fname='C:\\Windows\\Fonts\\LBRITEDI.TTF', name='Lucida Bright', style='italic', variant='normal', weight=600, stretch='normal', size='scalable')) = 11.24
2026-03-30 10:29:42,377 - DEBUG - findfont: score(FontEntry(fname='C:\\Windows\\Fonts\\BOOKOSI.TTF', name='Bookman Old Style', style='italic', variant='normal', weight=300, stretch='normal', size='scalable')) = 11.145
2026-03-30 10:29:42,378 - DEBUG - findfont: score(FontEntry(fname='C:\\Windows\\Fonts\\segoesc.ttf', name='Segoe Script', style='normal', variant='normal', weight=400, stretch='normal', size='scalable')) = 10.05
2026-03-30 10:29:42,378 - DEBUG - findfont: score(FontEntry(fname='C:\\Windows\\Fonts\\cambriai.ttf', name='Cambria', style='italic', variant='normal', weight=400, stretch='normal', size='scalable')) = 11.05
2026-03-30 10:29:42,378 - DEBUG - findfont: score(FontEntry(fname='C:\\Windows\\Fonts\\TCCM____.TTF', name='Tw Cen MT Condensed', style='normal', variant='normal', weight=400, stretch='condensed', size='scalable')) = 10.25
2026-03-30 10:29:42,378 - DEBUG - findfont: score(FontEntry(fname='C:\\Windows\\Fonts\\JOKERMAN.TTF', name='Jokerman', style='normal', variant='normal', weight=400, stretch='normal', size='scalable')) = 10.05
2026-03-30 10:29:42,378 - DEBUG - findfont: score(FontEntry(fname='C:\\Windows\\Fonts\\consolai.ttf', name='Consolas', style='italic', variant='normal', weight=400, stretch='normal', size='scalable')) = 11.05
2026-03-30 10:29:42,378 - DEBUG - findfont: score(FontEntry(fname='C:\\Windows\\Fonts\\BOD_CBI.TTF', name='Bodoni MT', style='italic', variant='normal', weight=700, stretch='condensed', size='scalable')) = 11.535
2026-03-30 10:29:42,378 - DEBUG - findfont: score(FontEntry(fname='C:\\Windows\\Fonts\\BOD_CR.TTF', name='Bodoni MT', style='normal', variant='normal', weight=400, stretch='condensed', size='scalable')) = 10.25
2026-03-30 10:29:42,379 - DEBUG - findfont: score(FontEntry(fname='C:\\Windows\\Fonts\\CENTURY.TTF', name='Century', style='normal', variant='normal', weight=400, stretch='normal', size='scalable')) = 10.05
2026-03-30 10:29:42,379 - DEBUG - findfont: score(FontEntry(fname='C:\\Windows\\Fonts\\CALIFR.TTF', name='Californian FB', style='normal', variant='normal', weight=400, stretch='normal', size='scalable')) = 10.05
2026-03-30 10:29:42,379 - DEBUG - findfont: score(FontEntry(fname='C:\\Windows\\Fonts\\FRABKIT.TTF', name='Franklin Gothic Book', style='italic', variant='normal', weight=400, stretch='normal', size='scalable')) = 11.05
2026-03-30 10:29:42,379 - DEBUG - findfont: score(FontEntry(fname='C:\\Windows\\Fonts\\ntailub.ttf', name='Microsoft New Tai Lue', style='normal', variant='normal', weight=700, stretch='normal', size='scalable')) = 10.335
2026-03-30 10:29:42,379 - DEBUG - findfont: score(FontEntry(fname='C:\\Windows\\Fonts\\PER_____.TTF', name='Perpetua', style='normal', variant='normal', weight=400, stretch='normal', size='scalable')) = 10.05
2026-03-30 10:29:42,379 - DEBUG - findfont: score(FontEntry(fname='C:\\Windows\\Fonts\\FRAMDCN.TTF', name='Franklin Gothic Medium Cond', style='normal', variant='normal', weight=400, stretch='condensed', size='scalable')) = 10.25
2026-03-30 10:29:42,379 - DEBUG - findfont: score(FontEntry(fname='C:\\Windows\\Fonts\\calibril.ttf', name='Calibri', style='normal', variant='normal', weight=300, stretch='normal', size='scalable')) = 10.145
2026-03-30 10:29:42,379 - DEBUG - findfont: score(FontEntry(fname='C:\\Windows\\Fonts\\lucon.ttf', name='Lucida Console', style='normal', variant='normal', weight=400, stretch='normal', size='scalable')) = 10.05
2026-03-30 10:29:42,379 - DEBUG - findfont: score(FontEntry(fname='C:\\Windows\\Fonts\\seguisbi.ttf', name='Segoe UI', style='italic', variant='normal', weight=600, stretch='normal', size='scalable')) = 11.24
2026-03-30 10:29:42,379 - DEBUG - findfont: score(FontEntry(fname='C:\\Windows\\Fonts\\PERBI___.TTF', name='Perpetua', style='italic', variant='normal', weight=700, stretch='normal', size='scalable')) = 11.335
2026-03-30 10:29:42,379 - DEBUG - findfont: score(FontEntry(fname='C:\\Windows\\Fonts\\comici.ttf', name='Comic Sans MS', style='italic', variant='normal', weight=400, stretch='normal', size='scalable')) = 11.05
2026-03-30 10:29:42,380 - DEBUG - findfont: score(FontEntry(fname='C:\\Windows\\Fonts\\MAGNETOB.TTF', name='Magneto', style='normal', variant='normal', weight=700, stretch='normal', size='scalable')) = 10.335
2026-03-30 10:29:42,380 - DEBUG - findfont: score(FontEntry(fname='C:\\Windows\\Fonts\\BOD_PSTC.TTF', name='Bodoni MT', style='normal', variant='normal', weight=300, stretch='normal', size='scalable')) = 10.145
2026-03-30 10:29:42,380 - DEBUG - findfont: score(FontEntry(fname='C:\\Windows\\Fonts\\WINGDNG3.TTF', name='Wingdings 3', style='normal', variant='normal', weight=400, stretch='normal', size='scalable')) = 10.05
2026-03-30 10:29:42,380 - DEBUG - findfont: score(FontEntry(fname='C:\\Windows\\Fonts\\PAPYRUS.TTF', name='Papyrus', style='normal', variant='normal', weight=400, stretch='normal', size='scalable')) = 10.05
2026-03-30 10:29:42,380 - DEBUG - findfont: score(FontEntry(fname='C:\\Windows\\Fonts\\PERTIBD.TTF', name='Perpetua Titling MT', style='normal', variant='normal', weight=700, stretch='normal', size='scalable')) = 10.335
2026-03-30 10:29:42,380 - DEBUG - findfont: score(FontEntry(fname='C:\\Windows\\Fonts\\NIAGENG.TTF', name='Niagara Engraved', style='normal', variant='normal', weight=400, stretch='normal', size='scalable')) = 10.05
2026-03-30 10:29:42,380 - DEBUG - findfont: score(FontEntry(fname='C:\\Windows\\Fonts\\LEELAWDB.TTF', name='Leelawadee', style='normal', variant='normal', weight=700, stretch='normal', size='scalable')) = 10.335
2026-03-30 10:29:42,380 - DEBUG - findfont: score(FontEntry(fname='C:\\Windows\\Fonts\\SegUIVar.ttf', name='Segoe UI Variable', style='normal', variant='normal', weight=400, stretch='normal', size='scalable')) = 10.05
2026-03-30 10:29:42,380 - DEBUG - findfont: score(FontEntry(fname='C:\\Windows\\Fonts\\MATURASC.TTF', name='Matura MT Script Capitals', style='normal', variant='normal', weight=400, stretch='normal', size='scalable')) = 10.05
2026-03-30 10:29:42,380 - DEBUG - findfont: score(FontEntry(fname='C:\\Windows\\Fonts\\SegoeIcons.ttf', name='Segoe Fluent Icons', style='normal', variant='normal', weight=400, stretch='normal', size='scalable')) = 10.05
2026-03-30 10:29:42,380 - DEBUG - findfont: score(FontEntry(fname='C:\\Windows\\Fonts\\PERB____.TTF', name='Perpetua', style='normal', variant='normal', weight=700, stretch='normal', size='scalable')) = 10.335
2026-03-30 10:29:42,380 - DEBUG - findfont: score(FontEntry(fname='C:\\Windows\\Fonts\\calibrib.ttf', name='Calibri', style='normal', variant='normal', weight=700, stretch='normal', size='scalable')) = 10.335
2026-03-30 10:29:42,381 - DEBUG - findfont: score(FontEntry(fname='C:\\Windows\\Fonts\\seguihis.ttf', name='Segoe UI Historic', style='normal', variant='normal', weight=400, stretch='normal', size='scalable')) = 10.05
2026-03-30 10:29:42,381 - DEBUG - findfont: score(FontEntry(fname='C:\\Windows\\Fonts\\himalaya.ttf', name='Microsoft Himalaya', style='normal', variant='normal', weight=400, stretch='normal', size='scalable')) = 10.05
2026-03-30 10:29:42,381 - DEBUG - findfont: score(FontEntry(fname='C:\\Windows\\Fonts\\msyh.ttc', name='Microsoft YaHei', style='normal', variant='normal', weight=400, stretch='normal', size='scalable')) = 10.05
2026-03-30 10:29:42,381 - DEBUG - findfont: score(FontEntry(fname='C:\\Windows\\Fonts\\comicz.ttf', name='Comic Sans MS', style='italic', variant='normal', weight=700, stretch='normal', size='scalable')) = 11.335
2026-03-30 10:29:42,381 - DEBUG - findfont: score(FontEntry(fname='C:\\Windows\\Fonts\\OLDENGL.TTF', name='Old English Text MT', style='normal', variant='normal', weight=400, stretch='normal', size='scalable')) = 10.05
2026-03-30 10:29:42,381 - DEBUG - findfont: score(FontEntry(fname='C:\\Windows\\Fonts\\comicbd.ttf', name='Comic Sans MS', style='normal', variant='normal', weight=700, stretch='normal', size='scalable')) = 10.335
2026-03-30 10:29:42,381 - DEBUG - findfont: score(FontEntry(fname='C:\\Windows\\Fonts\\LTYPEBO.TTF', name='Lucida Sans Typewriter', style='oblique', variant='normal', weight=600, stretch='normal', size='scalable')) = 11.24
2026-03-30 10:29:42,381 - DEBUG - findfont: score(FontEntry(fname='C:\\Windows\\Fonts\\msjhl.ttc', name='Microsoft JhengHei', style='normal', variant='normal', weight=290, stretch='normal', size='scalable')) = 10.1545
2026-03-30 10:29:42,381 - DEBUG - findfont: score(FontEntry(fname='C:\\Windows\\Fonts\\BOOKOSB.TTF', name='Bookman Old Style', style='normal', variant='normal', weight=600, stretch='normal', size='scalable')) = 10.24
2026-03-30 10:29:42,381 - DEBUG - findfont: score(FontEntry(fname='C:\\Windows\\Fonts\\malgunbd.ttf', name='Malgun Gothic', style='normal', variant='normal', weight=700, stretch='normal', size='scalable')) = 10.335
2026-03-30 10:29:42,381 - DEBUG - findfont: score(FontEntry(fname='C:\\Windows\\Fonts\\seguisym.ttf', name='Segoe UI Symbol', style='normal', variant='normal', weight=400, stretch='normal', size='scalable')) = 10.05
2026-03-30 10:29:42,381 - DEBUG - findfont: score(FontEntry(fname='C:\\Windows\\Fonts\\LSANS.TTF', name='Lucida Sans', style='normal', variant='normal', weight=400, stretch='normal', size='scalable')) = 10.05
2026-03-30 10:29:42,381 - DEBUG - findfont: score(FontEntry(fname='C:\\Windows\\Fonts\\LFAX.TTF', name='Lucida Fax', style='normal', variant='normal', weight=400, stretch='normal', size='scalable')) = 10.05
2026-03-30 10:29:42,382 - DEBUG - findfont: score(FontEntry(fname='C:\\Windows\\Fonts\\ANTQUAI.TTF', name='Book Antiqua', style='italic', variant='normal', weight=400, stretch='normal', size='scalable')) = 11.05
2026-03-30 10:29:42,382 - DEBUG - findfont: score(FontEntry(fname='C:\\Windows\\Fonts\\timesbi.ttf', name='Times New Roman', style='italic', variant='normal', weight=700, stretch='normal', size='scalable')) = 11.335
2026-03-30 10:29:42,382 - DEBUG - findfont: score(FontEntry(fname='C:\\Windows\\Fonts\\constani.ttf', name='Constantia', style='italic', variant='normal', weight=400, stretch='normal', size='scalable')) = 11.05
2026-03-30 10:29:42,382 - DEBUG - findfont: score(FontEntry(fname='C:\\Windows\\Fonts\\LeelaUIb.ttf', name='Leelawadee UI', style='normal', variant='normal', weight=700, stretch='normal', size='scalable')) = 10.335
2026-03-30 10:29:42,382 - DEBUG - findfont: score(FontEntry(fname='C:\\Windows\\Fonts\\LeelawUI.ttf', name='Leelawadee UI', style='normal', variant='normal', weight=400, stretch='normal', size='scalable')) = 10.05
2026-03-30 10:29:42,382 - DEBUG - findfont: score(FontEntry(fname='C:\\Windows\\Fonts\\GOTHIC.TTF', name='Century Gothic', style='normal', variant='normal', weight=400, stretch='normal', size='scalable')) = 10.05
2026-03-30 10:29:42,382 - DEBUG - findfont: score(FontEntry(fname='C:\\Windows\\Fonts\\TCB_____.TTF', name='Tw Cen MT', style='normal', variant='normal', weight=700, stretch='normal', size='scalable')) = 10.335
2026-03-30 10:29:42,382 - DEBUG - findfont: score(FontEntry(fname='C:\\Windows\\Fonts\\ARIALNB.TTF', name='Arial', style='normal', variant='normal', weight=700, stretch='condensed', size='scalable')) = 6.8986363636363635
2026-03-30 10:29:42,382 - DEBUG - findfont: score(FontEntry(fname='C:\\Windows\\Fonts\\Candarai.ttf', name='Candara', style='italic', variant='normal', weight=400, stretch='normal', size='scalable')) = 11.05
2026-03-30 10:29:42,382 - DEBUG - findfont: score(FontEntry(fname='C:\\Windows\\Fonts\\TCBI____.TTF', name='Tw Cen MT', style='italic', variant='normal', weight=700, stretch='normal', size='scalable')) = 11.335
2026-03-30 10:29:42,382 - DEBUG - findfont: score(FontEntry(fname='C:\\Windows\\Fonts\\tahomabd.ttf', name='Tahoma', style='normal', variant='normal', weight=700, stretch='normal', size='scalable')) = 10.335
2026-03-30 10:29:42,383 - DEBUG - findfont: score(FontEntry(fname='C:\\Windows\\Fonts\\seguisli.ttf', name='Segoe UI', style='italic', variant='normal', weight=350, stretch='normal', size='scalable')) = 11.0975
2026-03-30 10:29:42,383 - DEBUG - findfont: score(FontEntry(fname='C:\\Windows\\Fonts\\mmrtextb.ttf', name='Myanmar Text', style='normal', variant='normal', weight=700, stretch='normal', size='scalable')) = 10.335
2026-03-30 10:29:42,383 - DEBUG - findfont: score(FontEntry(fname='C:\\Windows\\Fonts\\IMPRISHA.TTF', name='Imprint MT Shadow', style='normal', variant='normal', weight=400, stretch='normal', size='scalable')) = 10.05
2026-03-30 10:29:42,383 - DEBUG - findfont: score(FontEntry(fname='C:\\Windows\\Fonts\\framd.ttf', name='Franklin Gothic Medium', style='normal', variant='normal', weight=400, stretch='normal', size='scalable')) = 10.05
2026-03-30 10:29:42,383 - DEBUG - findfont: score(FontEntry(fname='C:\\Windows\\Fonts\\Candarali.ttf', name='Candara', style='italic', variant='normal', weight=400, stretch='normal', size='scalable')) = 11.05
2026-03-30 10:29:42,383 - DEBUG - findfont: score(FontEntry(fname='C:\\Windows\\Fonts\\msgothic.ttc', name='MS Gothic', style='normal', variant='normal', weight=400, stretch='normal', size='scalable')) = 10.05
2026-03-30 10:29:42,383 - DEBUG - findfont: score(FontEntry(fname='C:\\Windows\\Fonts\\LBRITEI.TTF', name='Lucida Bright', style='italic', variant='normal', weight=400, stretch='normal', size='scalable')) = 11.05
2026-03-30 10:29:42,383 - DEBUG - findfont: score(FontEntry(fname='C:\\Windows\\Fonts\\PLAYBILL.TTF', name='Playbill', style='normal', variant='normal', weight=400, stretch='normal', size='scalable')) = 10.05
2026-03-30 10:29:42,383 - DEBUG - findfont: score(FontEntry(fname='C:\\Windows\\Fonts\\trebucbi.ttf', name='Trebuchet MS', style='italic', variant='normal', weight=700, stretch='normal', size='scalable')) = 11.335
2026-03-30 10:29:42,383 - DEBUG - findfont: score(FontEntry(fname='C:\\Windows\\Fonts\\msjhbd.ttc', name='Microsoft JhengHei', style='normal', variant='normal', weight=700, stretch='normal', size='scalable')) = 10.335
2026-03-30 10:29:42,384 - DEBUG - findfont: score(FontEntry(fname='C:\\Windows\\Fonts\\LeelUIsl.ttf', name='Leelawadee UI', style='normal', variant='normal', weight=350, stretch='normal', size='scalable')) = 10.0975
2026-03-30 10:29:42,384 - DEBUG - findfont: score(FontEntry(fname='C:\\Windows\\Fonts\\TCCB____.TTF', name='Tw Cen MT Condensed', style='normal', variant='normal', weight=700, stretch='condensed', size='scalable')) = 10.535
2026-03-30 10:29:42,384 - DEBUG - findfont: score(FontEntry(fname='C:\\Windows\\Fonts\\corbelb.ttf', name='Corbel', style='normal', variant='normal', weight=700, stretch='normal', size='scalable')) = 10.335
2026-03-30 10:29:42,384 - DEBUG - findfont: score(FontEntry(fname='C:\\Windows\\Fonts\\LFAXDI.TTF', name='Lucida Fax', style='italic', variant='normal', weight=600, stretch='normal', size='scalable')) = 11.24
2026-03-30 10:29:42,384 - DEBUG - findfont: score(FontEntry(fname='C:\\Windows\\Fonts\\BRLNSDB.TTF', name='Berlin Sans FB Demi', style='normal', variant='normal', weight=700, stretch='normal', size='scalable')) = 10.335
2026-03-30 10:29:42,384 - DEBUG - findfont: score(FontEntry(fname='C:\\Windows\\Fonts\\simsun.ttc', name='SimSun', style='normal', variant='normal', weight=400, stretch='normal', size='scalable')) = 10.05
2026-03-30 10:29:42,384 - DEBUG - findfont: score(FontEntry(fname='C:\\Windows\\Fonts\\ROCK.TTF', name='Rockwell', style='normal', variant='normal', weight=400, stretch='normal', size='scalable')) = 10.05
2026-03-30 10:29:42,384 - DEBUG - findfont: score(FontEntry(fname='C:\\Windows\\Fonts\\SCRIPTBL.TTF', name='Script MT Bold', style='normal', variant='normal', weight=700, stretch='normal', size='scalable')) = 10.335
2026-03-30 10:29:42,384 - DEBUG - findfont: score(FontEntry(fname='C:\\Windows\\Fonts\\palab.ttf', name='Palatino Linotype', style='normal', variant='normal', weight=700, stretch='normal', size='scalable')) = 10.335
2026-03-30 10:29:42,384 - DEBUG - findfont: score(FontEntry(fname='C:\\Windows\\Fonts\\OCRAEXT.TTF', name='OCR A Extended', style='normal', variant='normal', weight=400, stretch='expanded', size='scalable')) = 10.25
2026-03-30 10:29:42,384 - DEBUG - findfont: score(FontEntry(fname='C:\\Windows\\Fonts\\corbeli.ttf', name='Corbel', style='italic', variant='normal', weight=400, stretch='normal', size='scalable')) = 11.05
2026-03-30 10:29:42,384 - DEBUG - findfont: score(FontEntry(fname='C:\\Windows\\Fonts\\BASKVILL.TTF', name='Baskerville Old Face', style='normal', variant='normal', weight=400, stretch='normal', size='scalable')) = 10.05
2026-03-30 10:29:42,385 - DEBUG - findfont: score(FontEntry(fname='C:\\Windows\\Fonts\\FRABK.TTF', name='Franklin Gothic Book', style='normal', variant='normal', weight=400, stretch='normal', size='scalable')) = 10.05
2026-03-30 10:29:42,385 - DEBUG - findfont: score(FontEntry(fname='C:\\Windows\\Fonts\\msyi.ttf', name='Microsoft Yi Baiti', style='normal', variant='normal', weight=400, stretch='normal', size='scalable')) = 10.05
2026-03-30 10:29:42,385 - DEBUG - findfont: score(FontEntry(fname='C:\\Windows\\Fonts\\MSUIGHUB.TTF', name='Microsoft Uighur', style='normal', variant='normal', weight=700, stretch='normal', size='scalable')) = 10.335
2026-03-30 10:29:42,385 - DEBUG - findfont: score(FontEntry(fname='C:\\Windows\\Fonts\\cambria.ttc', name='Cambria', style='normal', variant='normal', weight=400, stretch='normal', size='scalable')) = 10.05
2026-03-30 10:29:42,385 - DEBUG - findfont: score(FontEntry(fname='C:\\Windows\\Fonts\\constan.ttf', name='Constantia', style='normal', variant='normal', weight=400, stretch='normal', size='scalable')) = 10.05
2026-03-30 10:29:42,385 - DEBUG - findfont: score(FontEntry(fname='C:\\Windows\\Fonts\\ELEPHNTI.TTF', name='Elephant', style='italic', variant='normal', weight=400, stretch='normal', size='scalable')) = 11.05
2026-03-30 10:29:42,385 - DEBUG - findfont: score(FontEntry(fname='C:\\Windows\\Fonts\\georgia.ttf', name='Georgia', style='normal', variant='normal', weight=400, stretch='normal', size='scalable')) = 10.05
2026-03-30 10:29:42,385 - DEBUG - findfont: score(FontEntry(fname='C:\\Windows\\Fonts\\LTYPE.TTF', name='Lucida Sans Typewriter', style='normal', variant='normal', weight=400, stretch='normal', size='scalable')) = 10.05
2026-03-30 10:29:42,385 - DEBUG - findfont: score(FontEntry(fname='C:\\Windows\\Fonts\\BERNHC.TTF', name='Bernard MT Condensed', style='normal', variant='normal', weight=400, stretch='condensed', size='scalable')) = 10.25
2026-03-30 10:29:42,385 - DEBUG - findfont: score(FontEntry(fname='C:\\Windows\\Fonts\\CascadiaMono.ttf', name='Cascadia Mono', style='normal', variant='normal', weight=400, stretch='normal', size='scalable')) = 10.05
2026-03-30 10:29:42,385 - DEBUG - findfont: score(FontEntry(fname='C:\\Windows\\Fonts\\LTYPEO.TTF', name='Lucida Sans Typewriter', style='oblique', variant='normal', weight=400, stretch='normal', size='scalable')) = 11.05
2026-03-30 10:29:42,385 - DEBUG - findfont: score(FontEntry(fname='C:\\Windows\\Fonts\\BSSYM7.TTF', name='Bookshelf Symbol 7', style='normal', variant='normal', weight=400, stretch='normal', size='scalable')) = 10.05
2026-03-30 10:29:42,385 - DEBUG - findfont: score(FontEntry(fname='C:\\Windows\\Fonts\\GILI____.TTF', name='Gill Sans MT', style='italic', variant='normal', weight=400, stretch='normal', size='scalable')) = 11.05
2026-03-30 10:29:42,386 - DEBUG - findfont: score(FontEntry(fname='C:\\Windows\\Fonts\\seguibli.ttf', name='Segoe UI', style='italic', variant='normal', weight=900, stretch='normal', size='scalable')) = 11.525
2026-03-30 10:29:42,386 - DEBUG - findfont: score(FontEntry(fname='C:\\Windows\\Fonts\\constanz.ttf', name='Constantia', style='italic', variant='normal', weight=700, stretch='normal', size='scalable')) = 11.335
2026-03-30 10:29:42,386 - DEBUG - findfont: score(FontEntry(fname='C:\\Windows\\Fonts\\BELLI.TTF', name='Bell MT', style='italic', variant='normal', weight=400, stretch='normal', size='scalable')) = 11.05
2026-03-30 10:29:42,386 - DEBUG - findfont: score(FontEntry(fname='C:\\Windows\\Fonts\\CHILLER.TTF', name='Chiller', style='normal', variant='normal', weight=400, stretch='normal', size='scalable')) = 10.05
2026-03-30 10:29:42,386 - DEBUG - findfont: score(FontEntry(fname='C:\\Windows\\Fonts\\malgun.ttf', name='Malgun Gothic', style='normal', variant='normal', weight=400, stretch='normal', size='scalable')) = 10.05
2026-03-30 10:29:42,386 - DEBUG - findfont: score(FontEntry(fname='C:\\Windows\\Fonts\\consolaz.ttf', name='Consolas', style='italic', variant='normal', weight=700, stretch='normal', size='scalable')) = 11.335
2026-03-30 10:29:42,386 - DEBUG - findfont: score(FontEntry(fname='C:\\Windows\\Fonts\\CALIFI.TTF', name='Californian FB', style='italic', variant='normal', weight=400, stretch='normal', size='scalable')) = 11.05
2026-03-30 10:29:42,386 - DEBUG - findfont: score(FontEntry(fname='C:\\Windows\\Fonts\\calibrii.ttf', name='Calibri', style='italic', variant='normal', weight=400, stretch='normal', size='scalable')) = 11.05
2026-03-30 10:29:42,386 - DEBUG - findfont: score(FontEntry(fname='C:\\Windows\\Fonts\\msjh.ttc', name='Microsoft JhengHei', style='normal', variant='normal', weight=400, stretch='normal', size='scalable')) = 10.05
2026-03-30 10:29:42,386 - DEBUG - findfont: score(FontEntry(fname='C:\\Windows\\Fonts\\LHANDW.TTF', name='Lucida Handwriting', style='italic', variant='normal', weight=400, stretch='normal', size='scalable')) = 11.05
2026-03-30 10:29:42,386 - DEBUG - findfont: score(FontEntry(fname='C:\\Users\\akuhn\\AppData\\Local\\Microsoft\\Windows\\Fonts\\UbuntuMono[wght].ttf', name='Ubuntu Mono', style='normal', variant='normal', weight=400, stretch='normal', size='scalable')) = 10.05
2026-03-30 10:29:42,386 - DEBUG - findfont: score(FontEntry(fname='C:\\Windows\\Fonts\\SCHLBKBI.TTF', name='Century Schoolbook', style='italic', variant='normal', weight=700, stretch='normal', size='scalable')) = 11.335
2026-03-30 10:29:42,387 - DEBUG - findfont: score(FontEntry(fname='C:\\Windows\\Fonts\\georgiai.ttf', name='Georgia', style='italic', variant='normal', weight=400, stretch='normal', size='scalable')) = 11.05
2026-03-30 10:29:42,387 - DEBUG - findfont: score(FontEntry(fname='C:\\Windows\\Fonts\\segoescb.ttf', name='Segoe Script', style='normal', variant='normal', weight=700, stretch='normal', size='scalable')) = 10.335
2026-03-30 10:29:42,387 - DEBUG - findfont: score(FontEntry(fname='C:\\Windows\\Fonts\\bahnschrift.ttf', name='Bahnschrift', style='normal', variant='normal', weight=400, stretch='normal', size='scalable')) = 10.05
2026-03-30 10:29:42,387 - DEBUG - findfont: score(FontEntry(fname='C:\\Windows\\Fonts\\corbell.ttf', name='Corbel', style='normal', variant='normal', weight=300, stretch='normal', size='scalable')) = 10.145
2026-03-30 10:29:42,387 - DEBUG - findfont: score(FontEntry(fname='C:\\Windows\\Fonts\\SCHLBKB.TTF', name='Century Schoolbook', style='normal', variant='normal', weight=700, stretch='normal', size='scalable')) = 10.335
2026-03-30 10:29:42,387 - DEBUG - findfont: score(FontEntry(fname='C:\\Windows\\Fonts\\DUBAI-LIGHT.TTF', name='Dubai', style='normal', variant='normal', weight=300, stretch='normal', size='scalable')) = 10.145
2026-03-30 10:29:42,387 - DEBUG - findfont: score(FontEntry(fname='C:\\Windows\\Fonts\\CALIFB.TTF', name='Californian FB', style='normal', variant='normal', weight=700, stretch='normal', size='scalable')) = 10.335
2026-03-30 10:29:42,387 - DEBUG - findfont: score(FontEntry(fname='C:\\Windows\\Fonts\\verdanab.ttf', name='Verdana', style='normal', variant='normal', weight=700, stretch='normal', size='scalable')) = 3.9713636363636367
2026-03-30 10:29:42,387 - DEBUG - findfont: score(FontEntry(fname='C:\\Windows\\Fonts\\cour.ttf', name='Courier New', style='normal', variant='normal', weight=400, stretch='normal', size='scalable')) = 10.05
2026-03-30 10:29:42,387 - DEBUG - findfont: score(FontEntry(fname='C:\\Windows\\Fonts\\segoeuisl.ttf', name='Segoe UI', style='normal', variant='normal', weight=350, stretch='normal', size='scalable')) = 10.0975
2026-03-30 10:29:42,387 - DEBUG - findfont: score(FontEntry(fname='C:\\Windows\\Fonts\\BOD_CI.TTF', name='Bodoni MT', style='italic', variant='normal', weight=400, stretch='condensed', size='scalable')) = 11.25
2026-03-30 10:29:42,387 - DEBUG - findfont: score(FontEntry(fname='C:\\Windows\\Fonts\\POORICH.TTF', name='Poor Richard', style='normal', variant='normal', weight=400, stretch='normal', size='scalable')) = 10.05
2026-03-30 10:29:42,387 - DEBUG - findfont: score(FontEntry(fname='C:\\Windows\\Fonts\\ntailu.ttf', name='Microsoft New Tai Lue', style='normal', variant='normal', weight=400, stretch='normal', size='scalable')) = 10.05
2026-03-30 10:29:42,388 - DEBUG - findfont: score(FontEntry(fname='C:\\Windows\\Fonts\\segoeuil.ttf', name='Segoe UI', style='normal', variant='normal', weight=300, stretch='normal', size='scalable')) = 10.145
2026-03-30 10:29:42,388 - DEBUG - findfont: score(FontEntry(fname='C:\\Windows\\Fonts\\ROCKBI.TTF', name='Rockwell', style='italic', variant='normal', weight=700, stretch='normal', size='scalable')) = 11.335
2026-03-30 10:29:42,388 - DEBUG - findfont: score(FontEntry(fname='C:\\Windows\\Fonts\\symbol.ttf', name='Symbol', style='normal', variant='normal', weight=400, stretch='normal', size='scalable')) = 10.05
2026-03-30 10:29:42,388 - DEBUG - findfont: score(FontEntry(fname='C:\\Windows\\Fonts\\CascadiaCode.ttf', name='Cascadia Code', style='normal', variant='normal', weight=400, stretch='normal', size='scalable')) = 10.05
2026-03-30 10:29:42,388 - DEBUG - findfont: score(FontEntry(fname='C:\\Windows\\Fonts\\l_10646.ttf', name='Lucida Sans Unicode', style='normal', variant='normal', weight=400, stretch='normal', size='scalable')) = 10.05
2026-03-30 10:29:42,388 - DEBUG - findfont: score(FontEntry(fname='C:\\Windows\\Fonts\\Inkfree.ttf', name='Ink Free', style='normal', variant='normal', weight=400, stretch='normal', size='scalable')) = 10.05
2026-03-30 10:29:42,388 - DEBUG - findfont: score(FontEntry(fname='C:\\Windows\\Fonts\\Nirmala.ttc', name='Nirmala UI', style='normal', variant='normal', weight=400, stretch='normal', size='scalable')) = 10.05
2026-03-30 10:29:42,388 - DEBUG - findfont: score(FontEntry(fname='C:\\Windows\\Fonts\\CASTELAR.TTF', name='Castellar', style='normal', variant='normal', weight=400, stretch='normal', size='scalable')) = 10.05
2026-03-30 10:29:42,388 - DEBUG - findfont: score(FontEntry(fname='C:\\Windows\\Fonts\\BROADW.TTF', name='Broadway', style='normal', variant='normal', weight=400, stretch='normal', size='scalable')) = 10.05
2026-03-30 10:29:42,389 - DEBUG - findfont: score(FontEntry(fname='C:\\Windows\\Fonts\\PRISTINA.TTF', name='Pristina', style='normal', variant='normal', weight=400, stretch='normal', size='scalable')) = 10.05
2026-03-30 10:29:42,389 - DEBUG - findfont: score(FontEntry(fname='C:\\Windows\\Fonts\\DUBAI-MEDIUM.TTF', name='Dubai', style='normal', variant='normal', weight=500, stretch='normal', size='scalable')) = 10.145
2026-03-30 10:29:42,389 - DEBUG - findfont: score(FontEntry(fname='C:\\Windows\\Fonts\\GARAIT.TTF', name='Garamond', style='italic', variant='normal', weight=400, stretch='normal', size='scalable')) = 11.05
2026-03-30 10:29:42,389 - DEBUG - findfont: score(FontEntry(fname='C:\\Windows\\Fonts\\CURLZ___.TTF', name='Curlz MT', style='normal', variant='normal', weight=400, stretch='normal', size='scalable')) = 10.05
2026-03-30 10:29:42,389 - DEBUG - findfont: score(FontEntry(fname='C:\\Windows\\Fonts\\taile.ttf', name='Microsoft Tai Le', style='normal', variant='normal', weight=400, stretch='normal', size='scalable')) = 10.05
2026-03-30 10:29:42,390 - DEBUG - findfont: score(FontEntry(fname='C:\\Windows\\Fonts\\phagspab.ttf', name='Microsoft PhagsPa', style='normal', variant='normal', weight=700, stretch='normal', size='scalable')) = 10.335
2026-03-30 10:29:42,390 - DEBUG - findfont: score(FontEntry(fname='C:\\Windows\\Fonts\\HARNGTON.TTF', name='Harrington', style='normal', variant='normal', weight=400, stretch='normal', size='scalable')) = 10.05
2026-03-30 10:29:42,390 - DEBUG - findfont: score(FontEntry(fname='C:\\Windows\\Fonts\\ebrimabd.ttf', name='Ebrima', style='normal', variant='normal', weight=700, stretch='normal', size='scalable')) = 10.335
2026-03-30 10:29:42,390 - DEBUG - findfont: score(FontEntry(fname='C:\\Windows\\Fonts\\malgunsl.ttf', name='Malgun Gothic', style='normal', variant='normal', weight=300, stretch='normal', size='scalable')) = 10.145
2026-03-30 10:29:42,390 - DEBUG - findfont: score(FontEntry(fname='C:\\Windows\\Fonts\\Candara.ttf', name='Candara', style='normal', variant='normal', weight=400, stretch='normal', size='scalable')) = 10.05
2026-03-30 10:29:42,390 - DEBUG - findfont: score(FontEntry(fname='C:\\Windows\\Fonts\\BRUSHSCI.TTF', name='Brush Script MT', style='italic', variant='normal', weight=400, stretch='normal', size='scalable')) = 11.05
2026-03-30 10:29:42,390 - DEBUG - findfont: score(FontEntry(fname='C:\\Windows\\Fonts\\COLONNA.TTF', name='Colonna MT', style='normal', variant='normal', weight=400, stretch='normal', size='scalable')) = 10.05
2026-03-30 10:29:42,390 - DEBUG - findfont: score(FontEntry(fname='C:\\Windows\\Fonts\\ROCCB___.TTF', name='Rockwell Condensed', style='normal', variant='normal', weight=700, stretch='condensed', size='scalable')) = 10.535
2026-03-30 10:29:42,390 - DEBUG - findfont: score(FontEntry(fname='C:\\Windows\\Fonts\\FELIXTI.TTF', name='Felix Titling', style='normal', variant='normal', weight=400, stretch='normal', size='scalable')) = 10.05
2026-03-30 10:29:42,390 - DEBUG - findfont: score(FontEntry(fname='C:\\Windows\\Fonts\\GOTHICB.TTF', name='Century Gothic', style='normal', variant='normal', weight=700, stretch='normal', size='scalable')) = 10.335
2026-03-30 10:29:42,390 - DEBUG - findfont: score(FontEntry(fname='C:\\Windows\\Fonts\\ERASBD.TTF', name='Eras Bold ITC', style='normal', variant='normal', weight=400, stretch='normal', size='scalable')) = 10.05
2026-03-30 10:29:42,390 - DEBUG - findfont: score(FontEntry(fname='C:\\Windows\\Fonts\\ENGR.TTF', name='Engravers MT', style='normal', variant='normal', weight=500, stretch='normal', size='scalable')) = 10.145
2026-03-30 10:29:42,390 - DEBUG - findfont: score(FontEntry(fname='C:\\Windows\\Fonts\\HARLOWSI.TTF', name='Harlow Solid Italic', style='italic', variant='normal', weight=400, stretch='normal', size='scalable')) = 11.05
2026-03-30 10:29:42,390 - DEBUG - findfont: score(FontEntry(fname='C:\\Windows\\Fonts\\SitkaVF.ttf', name='Sitka', style='normal', variant='normal', weight=400, stretch='normal', size='scalable')) = 10.05
2026-03-30 10:29:42,390 - DEBUG - findfont: score(FontEntry(fname='C:\\Windows\\Fonts\\REFSPCL.TTF', name='MS Reference Specialty', style='normal', variant='normal', weight=400, stretch='normal', size='scalable')) = 10.05
2026-03-30 10:29:42,390 - DEBUG - findfont: score(FontEntry(fname='C:\\Windows\\Fonts\\GLSNECB.TTF', name='Gill Sans MT Ext Condensed Bold', style='normal', variant='normal', weight=400, stretch='condensed', size='scalable')) = 10.25
2026-03-30 10:29:42,391 - DEBUG - findfont: score(FontEntry(fname='C:\\Windows\\Fonts\\verdana.ttf', name='Verdana', style='normal', variant='normal', weight=400, stretch='normal', size='scalable')) = 3.6863636363636365
2026-03-30 10:29:42,391 - DEBUG - findfont: score(FontEntry(fname='C:\\Windows\\Fonts\\times.ttf', name='Times New Roman', style='normal', variant='normal', weight=400, stretch='normal', size='scalable')) = 10.05
2026-03-30 10:29:42,391 - DEBUG - findfont: score(FontEntry(fname='C:\\Windows\\Fonts\\PERTILI.TTF', name='Perpetua Titling MT', style='normal', variant='normal', weight=300, stretch='normal', size='scalable')) = 10.145
2026-03-30 10:29:42,391 - DEBUG - findfont: score(FontEntry(fname='C:\\Windows\\Fonts\\GILSANUB.TTF', name='Gill Sans Ultra Bold', style='normal', variant='normal', weight=400, stretch='normal', size='scalable')) = 10.05
2026-03-30 10:29:42,391 - DEBUG - findfont: score(FontEntry(fname='C:\\Windows\\Fonts\\monbaiti.ttf', name='Mongolian Baiti', style='normal', variant='normal', weight=400, stretch='normal', size='scalable')) = 10.05
2026-03-30 10:29:42,391 - DEBUG - findfont: score(FontEntry(fname='C:\\Windows\\Fonts\\ROCKB.TTF', name='Rockwell', style='normal', variant='normal', weight=700, stretch='normal', size='scalable')) = 10.335
2026-03-30 10:29:42,391 - DEBUG - findfont: score(FontEntry(fname='C:\\Windows\\Fonts\\Gabriola.ttf', name='Gabriola', style='normal', variant='normal', weight=400, stretch='normal', size='scalable')) = 10.05
2026-03-30 10:29:42,391 - DEBUG - findfont: score(FontEntry(fname='C:\\Windows\\Fonts\\GARA.TTF', name='Garamond', style='normal', variant='normal', weight=400, stretch='normal', size='scalable')) = 10.05
2026-03-30 10:29:42,391 - DEBUG - findfont: score(FontEntry(fname='C:\\Windows\\Fonts\\ARIALNBI.TTF', name='Arial', style='italic', variant='normal', weight=700, stretch='condensed', size='scalable')) = 7.8986363636363635
2026-03-30 10:29:42,391 - DEBUG - findfont: score(FontEntry(fname='C:\\Windows\\Fonts\\LSANSD.TTF', name='Lucida Sans', style='normal', variant='normal', weight=600, stretch='normal', size='scalable')) = 10.24
2026-03-30 10:29:42,392 - DEBUG - findfont: score(FontEntry(fname='C:\\Windows\\Fonts\\MSUIGHUR.TTF', name='Microsoft Uighur', style='normal', variant='normal', weight=400, stretch='normal', size='scalable')) = 10.05
2026-03-30 10:29:42,392 - DEBUG - findfont: score(FontEntry(fname='C:\\Windows\\Fonts\\segoepr.ttf', name='Segoe Print', style='normal', variant='normal', weight=400, stretch='normal', size='scalable')) = 10.05
2026-03-30 10:29:42,392 - DEBUG - findfont: score(FontEntry(fname='C:\\Windows\\Fonts\\SHOWG.TTF', name='Showcard Gothic', style='normal', variant='normal', weight=400, stretch='normal', size='scalable')) = 10.05
2026-03-30 10:29:42,392 - DEBUG - findfont: score(FontEntry(fname='C:\\Windows\\Fonts\\mvboli.ttf', name='MV Boli', style='normal', variant='normal', weight=400, stretch='normal', size='scalable')) = 10.05
2026-03-30 10:29:42,392 - DEBUG - findfont: score(FontEntry(fname='C:\\Windows\\Fonts\\pala.ttf', name='Palatino Linotype', style='normal', variant='normal', weight=400, stretch='normal', size='scalable')) = 10.05
2026-03-30 10:29:42,392 - DEBUG - findfont: score(FontEntry(fname='C:\\Windows\\Fonts\\comic.ttf', name='Comic Sans MS', style='normal', variant='normal', weight=400, stretch='normal', size='scalable')) = 10.05
2026-03-30 10:29:42,392 - DEBUG - findfont: score(FontEntry(fname='C:\\Windows\\Fonts\\MISTRAL.TTF', name='Mistral', style='normal', variant='normal', weight=400, stretch='normal', size='scalable')) = 10.05
2026-03-30 10:29:42,392 - DEBUG - findfont: score(FontEntry(fname='C:\\Windows\\Fonts\\ERASDEMI.TTF', name='Eras Demi ITC', style='normal', variant='normal', weight=400, stretch='normal', size='scalable')) = 10.05
2026-03-30 10:29:42,392 - DEBUG - findfont: score(FontEntry(fname='C:\\Windows\\Fonts\\palabi.ttf', name='Palatino Linotype', style='italic', variant='normal', weight=700, stretch='normal', size='scalable')) = 11.335
2026-03-30 10:29:42,392 - DEBUG - findfont: score(FontEntry(fname='C:\\Windows\\Fonts\\GOUDOS.TTF', name='Goudy Old Style', style='normal', variant='normal', weight=400, stretch='normal', size='scalable')) = 10.05
2026-03-30 10:29:42,392 - DEBUG - findfont: score(FontEntry(fname='C:\\Windows\\Fonts\\HTOWERTI.TTF', name='High Tower Text', style='italic', variant='normal', weight=400, stretch='normal', size='scalable')) = 11.05
2026-03-30 10:29:42,392 - DEBUG - findfont: score(FontEntry(fname='C:\\Windows\\Fonts\\FORTE.TTF', name='Forte', style='normal', variant='normal', weight=400, stretch='normal', size='scalable')) = 10.05
2026-03-30 10:29:42,394 - DEBUG - findfont: score(FontEntry(fname='C:\\Windows\\Fonts\\ARIALNI.TTF', name='Arial', style='italic', variant='normal', weight=400, stretch='condensed', size='scalable')) = 7.613636363636363
2026-03-30 10:29:42,394 - DEBUG - findfont: score(FontEntry(fname='C:\\Windows\\Fonts\\BRADHITC.TTF', name='Bradley Hand ITC', style='normal', variant='normal', weight=400, stretch='normal', size='scalable')) = 10.05
2026-03-30 10:29:42,394 - DEBUG - findfont: score(FontEntry(fname='C:\\Windows\\Fonts\\ROGFonts-Regular.otf', name='ROG Fonts', style='normal', variant='normal', weight=400, stretch='normal', size='scalable')) = 10.05
2026-03-30 10:29:42,395 - DEBUG - findfont: score(FontEntry(fname='C:\\Windows\\Fonts\\COPRGTL.TTF', name='Copperplate Gothic Light', style='normal', variant='normal', weight=400, stretch='normal', size='scalable')) = 10.05
2026-03-30 10:29:42,395 - DEBUG - findfont: score(FontEntry(fname='C:\\Windows\\Fonts\\INFROMAN.TTF', name='Informal Roman', style='normal', variant='normal', weight=400, stretch='normal', size='scalable')) = 10.05
2026-03-30 10:29:42,395 - DEBUG - findfont: score(FontEntry(fname='C:\\Windows\\Fonts\\ERASMD.TTF', name='Eras Medium ITC', style='normal', variant='normal', weight=400, stretch='normal', size='scalable')) = 10.05
2026-03-30 10:29:42,395 - DEBUG - findfont: score(FontEntry(fname='C:\\Windows\\Fonts\\simsunb.ttf', name='SimSun-ExtB', style='normal', variant='normal', weight=400, stretch='normal', size='scalable')) = 10.05
2026-03-30 10:29:42,395 - DEBUG - findfont: score(FontEntry(fname='C:\\Windows\\Fonts\\ROCKI.TTF', name='Rockwell', style='italic', variant='normal', weight=400, stretch='normal', size='scalable')) = 11.05
2026-03-30 10:29:42,395 - DEBUG - findfont: score(FontEntry(fname='C:\\Windows\\Fonts\\TCMI____.TTF', name='Tw Cen MT', style='italic', variant='normal', weight=400, stretch='normal', size='scalable')) = 11.05
2026-03-30 10:29:42,395 - DEBUG - findfont: score(FontEntry(fname='C:\\Windows\\Fonts\\HTOWERT.TTF', name='High Tower Text', style='normal', variant='normal', weight=400, stretch='normal', size='scalable')) = 10.05
2026-03-30 10:29:42,395 - DEBUG - findfont: score(FontEntry(fname='C:\\Windows\\Fonts\\ARIALN.TTF', name='Arial', style='normal', variant='normal', weight=400, stretch='condensed', size='scalable')) = 6.613636363636363
2026-03-30 10:29:42,396 - DEBUG - findfont: score(FontEntry(fname='C:\\Windows\\Fonts\\LBRITED.TTF', name='Lucida Bright', style='normal', variant='normal', weight=600, stretch='normal', size='scalable')) = 10.24
2026-03-30 10:29:42,396 - DEBUG - findfont: score(FontEntry(fname='C:\\Windows\\Fonts\\segoeui.ttf', name='Segoe UI', style='normal', variant='normal', weight=400, stretch='normal', size='scalable')) = 10.05
2026-03-30 10:29:42,396 - DEBUG - findfont: score(FontEntry(fname='C:\\Windows\\Fonts\\MTEXTRA.TTF', name='MT Extra', style='normal', variant='normal', weight=400, stretch='normal', size='scalable')) = 10.05
2026-03-30 10:29:42,396 - DEBUG - findfont: score(FontEntry(fname='C:\\Windows\\Fonts\\segmdl2.ttf', name='Segoe MDL2 Assets', style='normal', variant='normal', weight=400, stretch='normal', size='scalable')) = 10.05
2026-03-30 10:29:42,396 - DEBUG - findfont: score(FontEntry(fname='C:\\Windows\\Fonts\\MTCORSVA.TTF', name='Monotype Corsiva', style='normal', variant='normal', weight=400, stretch='normal', size='scalable')) = 10.05
2026-03-30 10:29:42,396 - DEBUG - findfont: score(FontEntry(fname='C:\\Windows\\Fonts\\MOD20.TTF', name='Modern No. 20', style='normal', variant='normal', weight=400, stretch='normal', size='scalable')) = 10.05
2026-03-30 10:29:42,396 - DEBUG - findfont: score(FontEntry(fname='C:\\Windows\\Fonts\\georgiab.ttf', name='Georgia', style='normal', variant='normal', weight=700, stretch='normal', size='scalable')) = 10.335
2026-03-30 10:29:42,397 - DEBUG - findfont: score(FontEntry(fname='C:\\Windows\\Fonts\\LBRITE.TTF', name='Lucida Bright', style='normal', variant='normal', weight=400, stretch='normal', size='scalable')) = 10.05
2026-03-30 10:29:42,397 - DEBUG - findfont: score(FontEntry(fname='C:\\Windows\\Fonts\\LATINWD.TTF', name='Wide Latin', style='normal', variant='normal', weight=400, stretch='expanded', size='scalable')) = 10.25
2026-03-30 10:29:42,397 - DEBUG - findfont: score(FontEntry(fname='C:\\Windows\\Fonts\\WINGDNG2.TTF', name='Wingdings 2', style='normal', variant='normal', weight=400, stretch='normal', size='scalable')) = 10.05
2026-03-30 10:29:42,397 - DEBUG - findfont: score(FontEntry(fname='C:\\Windows\\Fonts\\SNAP____.TTF', name='Snap ITC', style='normal', variant='normal', weight=400, stretch='normal', size='scalable')) = 10.05
2026-03-30 10:29:42,397 - DEBUG - findfont: score(FontEntry(fname='C:\\Windows\\Fonts\\corbelz.ttf', name='Corbel', style='italic', variant='normal', weight=700, stretch='normal', size='scalable')) = 11.335
2026-03-30 10:29:42,397 - DEBUG - findfont: score(FontEntry(fname='C:\\Windows\\Fonts\\BELL.TTF', name='Bell MT', style='normal', variant='normal', weight=400, stretch='normal', size='scalable')) = 10.05
2026-03-30 10:29:42,397 - DEBUG - findfont: score(FontEntry(fname='C:\\Windows\\Fonts\\trebuc.ttf', name='Trebuchet MS', style='normal', variant='normal', weight=400, stretch='normal', size='scalable')) = 10.05
2026-03-30 10:29:42,397 - DEBUG - findfont: score(FontEntry(fname='C:\\Windows\\Fonts\\LSANSDI.TTF', name='Lucida Sans', style='italic', variant='normal', weight=600, stretch='normal', size='scalable')) = 11.24
2026-03-30 10:29:42,397 - DEBUG - findfont: score(FontEntry(fname='C:\\Windows\\Fonts\\corbel.ttf', name='Corbel', style='normal', variant='normal', weight=400, stretch='normal', size='scalable')) = 10.05
2026-03-30 10:29:42,397 - DEBUG - findfont: score(FontEntry(fname='C:\\Windows\\Fonts\\taileb.ttf', name='Microsoft Tai Le', style='normal', variant='normal', weight=700, stretch='normal', size='scalable')) = 10.335
2026-03-30 10:29:42,397 - DEBUG - findfont: score(FontEntry(fname='C:\\Windows\\Fonts\\LCALLIG.TTF', name='Lucida Calligraphy', style='italic', variant='normal', weight=400, stretch='normal', size='scalable')) = 11.05
2026-03-30 10:29:42,397 - DEBUG - findfont: score(FontEntry(fname='C:\\Windows\\Fonts\\GILB____.TTF', name='Gill Sans MT', style='normal', variant='normal', weight=700, stretch='normal', size='scalable')) = 10.335
2026-03-30 10:29:42,397 - DEBUG - findfont: score(FontEntry(fname='C:\\Windows\\Fonts\\CALISTBI.TTF', name='Calisto MT', style='italic', variant='normal', weight=700, stretch='normal', size='scalable')) = 11.335
2026-03-30 10:29:42,398 - DEBUG - findfont: score(FontEntry(fname='C:\\Windows\\Fonts\\BKANT.TTF', name='Book Antiqua', style='normal', variant='normal', weight=400, stretch='normal', size='scalable')) = 10.05
2026-03-30 10:29:42,398 - DEBUG - findfont: score(FontEntry(fname='C:\\Windows\\Fonts\\VIVALDII.TTF', name='Vivaldi', style='italic', variant='normal', weight=400, stretch='normal', size='scalable')) = 11.05
2026-03-30 10:29:42,398 - DEBUG - findfont: score(FontEntry(fname='C:\\Windows\\Fonts\\Candaral.ttf', name='Candara', style='normal', variant='normal', weight=400, stretch='normal', size='scalable')) = 10.05
2026-03-30 10:29:42,398 - DEBUG - findfont: score(FontEntry(fname='C:\\Windows\\Fonts\\LEELAWAD.TTF', name='Leelawadee', style='normal', variant='normal', weight=400, stretch='normal', size='scalable')) = 10.05
2026-03-30 10:29:42,398 - DEBUG - findfont: score(FontEntry(fname='C:\\Windows\\Fonts\\CALISTB.TTF', name='Calisto MT', style='normal', variant='normal', weight=700, stretch='normal', size='scalable')) = 10.335
2026-03-30 10:29:42,398 - DEBUG - findfont: score(FontEntry(fname='C:\\Windows\\Fonts\\FRSCRIPT.TTF', name='French Script MT', style='normal', variant='normal', weight=400, stretch='normal', size='scalable')) = 10.05
2026-03-30 10:29:42,398 - DEBUG - findfont: score(FontEntry(fname='C:\\Windows\\Fonts\\mingliub.ttc', name='MingLiU-ExtB', style='normal', variant='normal', weight=400, stretch='normal', size='scalable')) = 10.05
2026-03-30 10:29:42,398 - DEBUG - findfont: score(FontEntry(fname='C:\\Windows\\Fonts\\SimsunExtG.ttf', name='SimSun-ExtG', style='normal', variant='normal', weight=400, stretch='normal', size='scalable')) = 10.05
2026-03-30 10:29:42,398 - DEBUG - findfont: score(FontEntry(fname='C:\\Windows\\Fonts\\ariali.ttf', name='Arial', style='italic', variant='normal', weight=400, stretch='normal', size='scalable')) = 7.413636363636363
2026-03-30 10:29:42,398 - DEBUG - findfont: score(FontEntry(fname='C:\\Windows\\Fonts\\RAGE.TTF', name='Rage Italic', style='italic', variant='normal', weight=400, stretch='normal', size='scalable')) = 11.05
2026-03-30 10:29:42,398 - DEBUG - findfont: score(FontEntry(fname='C:\\Windows\\Fonts\\calibrili.ttf', name='Calibri', style='italic', variant='normal', weight=300, stretch='normal', size='scalable')) = 11.145
2026-03-30 10:29:42,399 - DEBUG - findfont: score(FontEntry(fname='C:\\Windows\\Fonts\\TCCEB.TTF', name='Tw Cen MT Condensed Extra Bold', style='normal', variant='normal', weight=400, stretch='condensed', size='scalable')) = 10.25
2026-03-30 10:29:42,399 - DEBUG - findfont: score(FontEntry(fname='C:\\Windows\\Fonts\\FRADMCN.TTF', name='Franklin Gothic Demi Cond', style='normal', variant='normal', weight=400, stretch='condensed', size='scalable')) = 10.25
2026-03-30 10:29:42,399 - DEBUG - findfont: score(FontEntry(fname='C:\\Windows\\Fonts\\ELEPHNT.TTF', name='Elephant', style='normal', variant='normal', weight=400, stretch='normal', size='scalable')) = 10.05
2026-03-30 10:29:42,399 - DEBUG - findfont: score(FontEntry(fname='C:\\Windows\\Fonts\\ITCBLKAD.TTF', name='Blackadder ITC', style='normal', variant='normal', weight=400, stretch='normal', size='scalable')) = 10.05
2026-03-30 10:29:42,399 - DEBUG - findfont: score(FontEntry(fname='C:\\Windows\\Fonts\\STENCIL.TTF', name='Stencil', style='normal', variant='normal', weight=400, stretch='normal', size='scalable')) = 10.05
2026-03-30 10:29:42,399 - DEBUG - findfont: score(FontEntry(fname='C:\\Windows\\Fonts\\ROCKEB.TTF', name='Rockwell Extra Bold', style='normal', variant='normal', weight=800, stretch='normal', size='scalable')) = 10.43
2026-03-30 10:29:42,399 - DEBUG - findfont: score(FontEntry(fname='C:\\Windows\\Fonts\\REFSAN.TTF', name='MS Reference Sans Serif', style='normal', variant='normal', weight=400, stretch='normal', size='scalable')) = 10.05
2026-03-30 10:29:42,399 - DEBUG - findfont: score(FontEntry(fname='C:\\Windows\\Fonts\\TEMPSITC.TTF', name='Tempus Sans ITC', style='normal', variant='normal', weight=400, stretch='normal', size='scalable')) = 10.05
2026-03-30 10:29:42,399 - DEBUG - findfont: score(FontEntry(fname='C:\\Windows\\Fonts\\BOOKOSBI.TTF', name='Bookman Old Style', style='italic', variant='normal', weight=600, stretch='normal', size='scalable')) = 11.24
2026-03-30 10:29:42,399 - DEBUG - findfont: score(FontEntry(fname='C:\\Windows\\Fonts\\COPRGTB.TTF', name='Copperplate Gothic Bold', style='normal', variant='normal', weight=400, stretch='normal', size='scalable')) = 10.05
2026-03-30 10:29:42,399 - DEBUG - findfont: score(FontEntry(fname='C:\\Windows\\Fonts\\KUNSTLER.TTF', name='Kunstler Script', style='normal', variant='normal', weight=400, stretch='normal', size='scalable')) = 10.05
2026-03-30 10:29:42,399 - DEBUG - findfont: score(FontEntry(fname='C:\\Windows\\Fonts\\GILC____.TTF', name='Gill Sans MT Condensed', style='normal', variant='normal', weight=400, stretch='condensed', size='scalable')) = 10.25
2026-03-30 10:29:42,400 - DEBUG - findfont: score(FontEntry(fname='C:\\Windows\\Fonts\\RAVIE.TTF', name='Ravie', style='normal', variant='normal', weight=400, stretch='normal', size='scalable')) = 10.05
2026-03-30 10:29:42,400 - DEBUG - findfont: score(FontEntry(fname='C:\\Windows\\Fonts\\BOD_B.TTF', name='Bodoni MT', style='normal', variant='normal', weight=700, stretch='normal', size='scalable')) = 10.335
2026-03-30 10:29:42,400 - DEBUG - findfont: score(FontEntry(fname='C:\\Windows\\Fonts\\seguibl.ttf', name='Segoe UI', style='normal', variant='normal', weight=900, stretch='normal', size='scalable')) = 10.525
2026-03-30 10:29:42,400 - DEBUG - findfont: score(FontEntry(fname='C:\\Windows\\Fonts\\tahoma.ttf', name='Tahoma', style='normal', variant='normal', weight=400, stretch='normal', size='scalable')) = 10.05
2026-03-30 10:29:42,400 - DEBUG - findfont: score(FontEntry(fname='C:\\Windows\\Fonts\\BOOKOS.TTF', name='Bookman Old Style', style='normal', variant='normal', weight=300, stretch='normal', size='scalable')) = 10.145
2026-03-30 10:29:42,400 - DEBUG - findfont: score(FontEntry(fname='C:\\Windows\\Fonts\\calibriz.ttf', name='Calibri', style='italic', variant='normal', weight=700, stretch='normal', size='scalable')) = 11.335
2026-03-30 10:29:42,400 - DEBUG - findfont: score(FontEntry(fname='C:\\Windows\\Fonts\\ebrima.ttf', name='Ebrima', style='normal', variant='normal', weight=400, stretch='normal', size='scalable')) = 10.05
2026-03-30 10:29:42,400 - DEBUG - findfont: score(FontEntry(fname='C:\\Windows\\Fonts\\TCM_____.TTF', name='Tw Cen MT', style='normal', variant='normal', weight=400, stretch='normal', size='scalable')) = 10.05
2026-03-30 10:29:42,400 - DEBUG - findfont: score(FontEntry(fname='C:\\Windows\\Fonts\\courbi.ttf', name='Courier New', style='italic', variant='normal', weight=700, stretch='normal', size='scalable')) = 11.335
2026-03-30 10:29:42,401 - DEBUG - findfont: score(FontEntry(fname='C:\\Windows\\Fonts\\FRADM.TTF', name='Franklin Gothic Demi', style='normal', variant='normal', weight=400, stretch='normal', size='scalable')) = 10.05
2026-03-30 10:29:42,401 - DEBUG - findfont: score(FontEntry(fname='C:\\Windows\\Fonts\\GIL_____.TTF', name='Gill Sans MT', style='normal', variant='normal', weight=400, stretch='normal', size='scalable')) = 10.05
2026-03-30 10:29:42,401 - DEBUG - findfont: score(FontEntry(fname='C:\\Windows\\Fonts\\BOD_BLAR.TTF', name='Bodoni MT', style='normal', variant='normal', weight=900, stretch='normal', size='scalable')) = 10.525
2026-03-30 10:29:42,401 - DEBUG - findfont: score(FontEntry(fname='C:\\Windows\\Fonts\\BOD_I.TTF', name='Bodoni MT', style='italic', variant='normal', weight=400, stretch='normal', size='scalable')) = 11.05
2026-03-30 10:29:42,401 - DEBUG - findfont: score(FontEntry(fname='C:\\Windows\\Fonts\\seguili.ttf', name='Segoe UI', style='italic', variant='normal', weight=300, stretch='normal', size='scalable')) = 11.145
2026-03-30 10:29:42,401 - DEBUG - findfont: score(FontEntry(fname='C:\\Windows\\Fonts\\impact.ttf', name='Impact', style='normal', variant='normal', weight=400, stretch='normal', size='scalable')) = 10.05
2026-03-30 10:29:42,401 - DEBUG - findfont: score(FontEntry(fname='C:\\Windows\\Fonts\\javatext.ttf', name='Javanese Text', style='normal', variant='normal', weight=400, stretch='normal', size='scalable')) = 10.05
2026-03-30 10:29:42,401 - DEBUG - findfont: score(FontEntry(fname='C:\\Windows\\Fonts\\BRLNSR.TTF', name='Berlin Sans FB', style='normal', variant='normal', weight=400, stretch='normal', size='scalable')) = 10.05
2026-03-30 10:29:42,401 - DEBUG - findfont: score(FontEntry(fname='C:\\Windows\\Fonts\\corbelli.ttf', name='Corbel', style='italic', variant='normal', weight=300, stretch='normal', size='scalable')) = 11.145
2026-03-30 10:29:42,401 - DEBUG - findfont: score(FontEntry(fname='C:\\Windows\\Fonts\\gadugi.ttf', name='Gadugi', style='normal', variant='normal', weight=400, stretch='normal', size='scalable')) = 10.05
2026-03-30 10:29:42,402 - DEBUG - findfont: score(FontEntry(fname='C:\\Windows\\Fonts\\gadugib.ttf', name='Gadugi', style='normal', variant='normal', weight=700, stretch='normal', size='scalable')) = 10.335
2026-03-30 10:29:42,402 - DEBUG - findfont: score(FontEntry(fname='C:\\Windows\\Fonts\\seguiemj.ttf', name='Segoe UI Emoji', style='normal', variant='normal', weight=400, stretch='normal', size='scalable')) = 10.05
2026-03-30 10:29:42,402 - DEBUG - findfont: score(FontEntry(fname='C:\\Windows\\Fonts\\seguisb.ttf', name='Segoe UI', style='normal', variant='normal', weight=600, stretch='normal', size='scalable')) = 10.24
2026-03-30 10:29:42,402 - DEBUG - findfont: score(FontEntry(fname='C:\\Windows\\Fonts\\framdit.ttf', name='Franklin Gothic Medium', style='italic', variant='normal', weight=400, stretch='normal', size='scalable')) = 11.05
2026-03-30 10:29:42,402 - DEBUG - findfont: score(FontEntry(fname='C:\\Windows\\Fonts\\LFAXD.TTF', name='Lucida Fax', style='normal', variant='normal', weight=600, stretch='normal', size='scalable')) = 10.24
2026-03-30 10:29:42,402 - DEBUG - findfont: score(FontEntry(fname='C:\\Windows\\Fonts\\AGENCYB.TTF', name='Agency FB', style='normal', variant='normal', weight=700, stretch='normal', size='scalable')) = 10.335
2026-03-30 10:29:42,402 - DEBUG - findfont: score(FontEntry(fname='C:\\Windows\\Fonts\\BOD_CB.TTF', name='Bodoni MT', style='normal', variant='normal', weight=700, stretch='condensed', size='scalable')) = 10.535
2026-03-30 10:29:42,402 - DEBUG - findfont: score(FontEntry(fname='C:\\Windows\\Fonts\\CENTAUR.TTF', name='Centaur', style='normal', variant='normal', weight=400, stretch='normal', size='scalable')) = 10.05
2026-03-30 10:29:42,402 - DEBUG - findfont: score(FontEntry(fname='C:\\Windows\\Fonts\\VLADIMIR.TTF', name='Vladimir Script', style='normal', variant='normal', weight=400, stretch='normal', size='scalable')) = 10.05
2026-03-30 10:29:42,402 - DEBUG - findfont: score(FontEntry(fname='C:\\Windows\\Fonts\\verdanaz.ttf', name='Verdana', style='italic', variant='normal', weight=700, stretch='normal', size='scalable')) = 4.971363636363637
2026-03-30 10:29:42,402 - DEBUG - findfont: score(FontEntry(fname='C:\\Windows\\Fonts\\YuGothL.ttc', name='Yu Gothic', style='normal', variant='normal', weight=300, stretch='normal', size='scalable')) = 10.145
2026-03-30 10:29:42,403 - DEBUG - findfont: score(FontEntry(fname='C:\\Windows\\Fonts\\arialbi.ttf', name='Arial', style='italic', variant='normal', weight=700, stretch='normal', size='scalable')) = 7.698636363636363
2026-03-30 10:29:42,403 - DEBUG - findfont: score(FontEntry(fname='C:\\Windows\\Fonts\\PALSCRI.TTF', name='Palace Script MT', style='normal', variant='normal', weight=400, stretch='normal', size='scalable')) = 10.05
2026-03-30 10:29:42,403 - DEBUG - findfont: score(FontEntry(fname='C:\\Windows\\Fonts\\YuGothB.ttc', name='Yu Gothic', style='normal', variant='normal', weight=700, stretch='normal', size='scalable')) = 10.335
2026-03-30 10:29:42,403 - DEBUG - findfont: score(FontEntry(fname='C:\\Windows\\Fonts\\GARABD.TTF', name='Garamond', style='normal', variant='normal', weight=700, stretch='normal', size='scalable')) = 10.335
2026-03-30 10:29:42,403 - DEBUG - findfont: score(FontEntry(fname='C:\\Windows\\Fonts\\verdanai.ttf', name='Verdana', style='italic', variant='normal', weight=400, stretch='normal', size='scalable')) = 4.6863636363636365
2026-03-30 10:29:42,403 - DEBUG - findfont: score(FontEntry(fname='C:\\Windows\\Fonts\\CALISTI.TTF', name='Calisto MT', style='italic', variant='normal', weight=400, stretch='normal', size='scalable')) = 11.05
2026-03-30 10:29:42,403 - DEBUG - findfont: Matching sans\-serif:style=normal:variant=normal:weight=normal:stretch=normal:size=12.0 to DejaVu Sans ('C:\\Users\\akuhn\\AppData\\Local\\Packages\\PythonSoftwareFoundation.Python.3.13_qbz5n2kfra8p0\\LocalCache\\local-packages\\Python313\\site-packages\\matplotlib\\mpl-data\\fonts\\ttf\\DejaVuSans.ttf') with score of 0.050000.
2026-03-30 10:29:42,596 - DEBUG - STREAM b'IHDR' 16 13
2026-03-30 10:29:42,596 - DEBUG - STREAM b'tEXt' 41 58
2026-03-30 10:29:42,596 - DEBUG - STREAM b'pHYs' 111 9
2026-03-30 10:29:42,596 - DEBUG - STREAM b'IDAT' 132 32049
2026-03-30 10:29:49,152 - INFO - Players: ['Victor Wembanyama'], Dates: 2025-10-01 \u2192 2026-03-30
2026-03-30 10:29:49,153 - INFO - Player Prediction Selected
2026-03-30 10:29:49,161 - INFO - Data Processing Time: 0.0085s
2026-03-30 10:29:49,430 - DEBUG - STREAM b'IHDR' 16 13
2026-03-30 10:29:49,430 - DEBUG - STREAM b'tEXt' 41 58
2026-03-30 10:29:49,430 - DEBUG - STREAM b'pHYs' 111 9
2026-03-30 10:29:49,430 - DEBUG - STREAM b'IDAT' 132 31983
2026-03-30 10:32:54,595 - INFO - Players: ['Victor Wembanyama'], Dates: 2025-10-01 \u2192 2026-03-30
2026-03-30 10:32:54,596 - INFO - Analytics Selected
2026-03-30 10:32:54,602 - INFO - Data Processing Time: 0.0063s
2026-03-30 10:34:27,759 - INFO - Players: ['Victor Wembanyama'], Dates: 2025-10-01 \u2192 2026-03-30
2026-03-30 10:34:27,759 - INFO - Dashboard Selected
2026-03-30 10:34:27,768 - INFO - Data Processing Time: 0.0084s
2026-03-30 10:34:28,042 - DEBUG - STREAM b'IHDR' 16 13
2026-03-30 10:34:28,043 - DEBUG - STREAM b'tEXt' 41 58
2026-03-30 10:34:28,043 - DEBUG - STREAM b'pHYs' 111 9
2026-03-30 10:34:28,043 - DEBUG - STREAM b'IDAT' 132 65536
2026-03-30 10:34:28,314 - DEBUG - STREAM b'IHDR' 16 13
2026-03-30 10:34:28,314 - DEBUG - STREAM b'tEXt' 41 58
2026-03-30 10:34:28,315 - DEBUG - STREAM b'pHYs' 111 9
2026-03-30 10:34:28,315 - DEBUG - STREAM b'IDAT' 132 65536
2026-03-30 10:34:28,561 - DEBUG - STREAM b'IHDR' 16 13
2026-03-30 10:34:28,561 - DEBUG - STREAM b'tEXt' 41 58
2026-03-30 10:34:28,561 - DEBUG - STREAM b'pHYs' 111 9
2026-03-30 10:34:28,561 - DEBUG - STREAM b'IDAT' 132 65536
2026-03-30 10:34:32,387 - INFO - Players: ['Victor Wembanyama'], Dates: 2025-10-01 \u2192 2026-03-30
2026-03-30 10:34:32,390 - INFO - Player Comparison Selected
2026-03-30 10:34:34,377 - INFO - Players: ['Victor Wembanyama'], Dates: 2025-10-01 \u2192 2026-03-30
2026-03-30 10:34:34,378 - INFO - Player Prediction Selected
2026-03-30 10:34:34,389 - INFO - Data Processing Time: 0.0109s
2026-03-30 10:34:34,855 - DEBUG - STREAM b'IHDR' 16 13
2026-03-30 10:34:34,855 - DEBUG - STREAM b'tEXt' 41 58
2026-03-30 10:34:34,856 - DEBUG - STREAM b'pHYs' 111 9
2026-03-30 10:34:34,856 - DEBUG - STREAM b'IDAT' 132 32049
2026-03-30 10:47:07,611 - INFO - Players: ['Victor Wembanyama'], Dates: 2025-10-01 \u2192 2026-03-30
2026-03-30 10:47:07,613 - INFO - Dashboard Selected
2026-03-30 10:47:07,645 - INFO - Data Processing Time: 0.032s
2026-03-30 10:47:08,039 - DEBUG - STREAM b'IHDR' 16 13
2026-03-30 10:47:08,040 - DEBUG - STREAM b'tEXt' 41 58
2026-03-30 10:47:08,040 - DEBUG - STREAM b'pHYs' 111 9
2026-03-30 10:47:08,040 - DEBUG - STREAM b'IDAT' 132 65536
2026-03-30 10:47:08,410 - DEBUG - STREAM b'IHDR' 16 13
2026-03-30 10:47:08,411 - DEBUG - STREAM b'tEXt' 41 58
2026-03-30 10:47:08,412 - DEBUG - STREAM b'pHYs' 111 9
2026-03-30 10:47:08,413 - DEBUG - STREAM b'IDAT' 132 65536
2026-03-30 10:47:08,889 - DEBUG - STREAM b'IHDR' 16 13
2026-03-30 10:47:08,889 - DEBUG - STREAM b'tEXt' 41 58
2026-03-30 10:47:08,890 - DEBUG - STREAM b'pHYs' 111 9
2026-03-30 10:47:08,890 - DEBUG - STREAM b'IDAT' 132 65536
2026-03-30 10:47:09,342 - INFO - Players: ['Victor Wembanyama'], Dates: 2025-10-01 \u2192 2026-03-30
2026-03-30 10:47:09,344 - INFO - Analytics Selected
2026-03-30 10:47:09,358 - INFO - Data Processing Time: 0.014s
2026-03-30 10:50:14,682 - INFO - Players: ['Victor Wembanyama'], Dates: 2025-10-01 \u2192 2026-03-30
2026-03-30 10:50:14,683 - INFO - Analytics Selected
2026-03-30 10:50:14,697 - INFO - Data Processing Time: 0.0137s
2026-03-30 10:50:15,126 - DEBUG - STREAM b'IHDR' 16 13
2026-03-30 10:50:15,127 - DEBUG - STREAM b'tEXt' 41 58
2026-03-30 10:50:15,127 - DEBUG - STREAM b'pHYs' 111 9
2026-03-30 10:50:15,127 - DEBUG - STREAM b'IDAT' 132 65536
2026-03-30 10:50:15,480 - DEBUG - STREAM b'IHDR' 16 13
2026-03-30 10:50:15,480 - DEBUG - STREAM b'tEXt' 41 58
2026-03-30 10:50:15,480 - DEBUG - STREAM b'pHYs' 111 9
2026-03-30 10:50:15,480 - DEBUG - STREAM b'IDAT' 132 24970
2026-03-30 10:56:07,042 - INFO - Players: ['Victor Wembanyama'], Dates: 2025-10-01 \u2192 2026-03-30
2026-03-30 10:56:07,043 - INFO - Analytics Selected
2026-03-30 10:56:07,057 - INFO - Data Processing Time: 0.0138s
2026-03-30 10:56:07,572 - DEBUG - STREAM b'IHDR' 16 13
2026-03-30 10:56:07,572 - DEBUG - STREAM b'tEXt' 41 58
2026-03-30 10:56:07,572 - DEBUG - STREAM b'pHYs' 111 9
2026-03-30 10:56:07,572 - DEBUG - STREAM b'IDAT' 132 65536
2026-03-30 10:57:33,856 - INFO - Players: ['Victor Wembanyama'], Dates: 2025-10-01 \u2192 2026-03-30
2026-03-30 10:57:33,857 - INFO - Analytics for last 5 Games Selected
2026-03-30 10:57:33,866 - INFO - Data Processing Time: 0.0087s
2026-03-30 10:57:33,873 - INFO - Data Processing Time: 0.0062s
2026-03-30 10:57:34,273 - DEBUG - STREAM b'IHDR' 16 13
2026-03-30 10:57:34,273 - DEBUG - STREAM b'tEXt' 41 58
2026-03-30 10:57:34,273 - DEBUG - STREAM b'pHYs' 111 9
2026-03-30 10:57:34,273 - DEBUG - STREAM b'IDAT' 132 65536
2026-03-30 10:58:14,017 - INFO - Players: ['Victor Wembanyama'], Dates: 2025-10-01 \u2192 2026-03-30
2026-03-30 10:58:14,018 - INFO - Analytics for last 5 Games Selected
2026-03-30 10:58:14,029 - INFO - Data Processing Time: 0.0103s
2026-03-30 10:58:14,041 - INFO - Data Processing Time: 0.0117s
2026-03-30 10:58:14,556 - DEBUG - STREAM b'IHDR' 16 13
2026-03-30 10:58:14,556 - DEBUG - STREAM b'tEXt' 41 58
2026-03-30 10:58:14,557 - DEBUG - STREAM b'pHYs' 111 9
2026-03-30 10:58:14,557 - DEBUG - STREAM b'IDAT' 132 65536
2026-03-30 10:58:33,841 - INFO - Players: ['Victor Wembanyama'], Dates: 2026-01-20 \u2192 2026-03-30
2026-03-30 10:58:33,843 - INFO - Analytics for last 5 Games Selected
2026-03-30 10:58:33,854 - INFO - Data Processing Time: 0.01s
2026-03-30 10:58:33,865 - INFO - Data Processing Time: 0.0108s
2026-03-30 10:58:34,248 - DEBUG - STREAM b'IHDR' 16 13
2026-03-30 10:58:34,249 - DEBUG - STREAM b'tEXt' 41 58
2026-03-30 10:58:34,249 - DEBUG - STREAM b'pHYs' 111 9
2026-03-30 10:58:34,249 - DEBUG - STREAM b'IDAT' 132 65536
2026-03-30 10:58:43,565 - INFO - Players: ['Victor Wembanyama'], Dates: 2026-03-03 \u2192 2026-03-30
2026-03-30 10:58:43,566 - INFO - Analytics for last 5 Games Selected
2026-03-30 10:58:43,574 - INFO - Data Processing Time: 0.008s
2026-03-30 10:58:43,582 - INFO - Data Processing Time: 0.0076s
2026-03-30 10:58:43,971 - DEBUG - STREAM b'IHDR' 16 13
2026-03-30 10:58:43,972 - DEBUG - STREAM b'tEXt' 41 58
2026-03-30 10:58:43,972 - DEBUG - STREAM b'pHYs' 111 9
2026-03-30 10:58:43,972 - DEBUG - STREAM b'IDAT' 132 65536
2026-03-30 10:58:55,727 - INFO - Players: ['Victor Wembanyama'], Dates: 2026-03-03 \u2192 2026-03-30
2026-03-30 10:58:55,728 - INFO - Player Prediction Selected
2026-03-30 10:58:55,738 - INFO - Data Processing Time: 0.0098s
2026-03-30 10:58:56,031 - DEBUG - STREAM b'IHDR' 16 13
2026-03-30 10:58:56,031 - DEBUG - STREAM b'tEXt' 41 58
2026-03-30 10:58:56,031 - DEBUG - STREAM b'pHYs' 111 9
2026-03-30 10:58:56,031 - DEBUG - STREAM b'IDAT' 132 36099
2026-03-30 10:59:17,666 - INFO - Players: ['Victor Wembanyama'], Dates: 2026-03-03 \u2192 2026-03-30
2026-03-30 10:59:17,667 - INFO - Player Prediction Selected
2026-03-30 10:59:17,679 - INFO - Data Processing Time: 0.012s
2026-03-30 10:59:17,966 - DEBUG - STREAM b'IHDR' 16 13
2026-03-30 10:59:17,966 - DEBUG - STREAM b'tEXt' 41 58
2026-03-30 10:59:17,966 - DEBUG - STREAM b'pHYs' 111 9
2026-03-30 10:59:17,966 - DEBUG - STREAM b'IDAT' 132 35577
2026-03-30 10:59:30,381 - INFO - Players: ['Victor Wembanyama'], Dates: 2026-03-03 \u2192 2026-03-30
2026-03-30 10:59:30,382 - INFO - Player Comparison Selected
2026-03-30 10:59:34,637 - INFO - Players: ['Victor Wembanyama', 'Shai Gilgeous-Alexander'], Dates: 2026-03-03 \u2192 2026-03-30
2026-03-30 10:59:34,639 - INFO - Player Comparison Selected
2026-03-30 10:59:34,659 - INFO - Data Processing Time: 0.0188s
2026-03-30 10:59:35,031 - DEBUG - STREAM b'IHDR' 16 13
2026-03-30 10:59:35,032 - DEBUG - STREAM b'tEXt' 41 58
2026-03-30 10:59:35,032 - DEBUG - STREAM b'pHYs' 111 9
2026-03-30 10:59:35,032 - DEBUG - STREAM b'IDAT' 132 65536
2026-03-30 10:59:40,958 - INFO - Players: ['Victor Wembanyama', 'Shai Gilgeous-Alexander', 'LeBron James'], Dates: 2026-03-03 \u2192 2026-03-30
2026-03-30 10:59:40,959 - INFO - Player Comparison Selected
2026-03-30 10:59:40,973 - INFO - Data Processing Time: 0.0143s
2026-03-30 10:59:41,290 - DEBUG - STREAM b'IHDR' 16 13
2026-03-30 10:59:41,290 - DEBUG - STREAM b'tEXt' 41 58
2026-03-30 10:59:41,291 - DEBUG - STREAM b'pHYs' 111 9
2026-03-30 10:59:41,291 - DEBUG - STREAM b'IDAT' 132 65536
2026-03-30 11:00:11,594 - INFO - Players: ['Victor Wembanyama', 'Shai Gilgeous-Alexander', 'LeBron James'], Dates: 2026-02-01 \u2192 2026-03-30
2026-03-30 11:00:11,595 - INFO - Player Comparison Selected
2026-03-30 11:00:11,606 - INFO - Data Processing Time: 0.0105s
2026-03-30 11:00:12,021 - DEBUG - STREAM b'IHDR' 16 13
2026-03-30 11:00:12,022 - DEBUG - STREAM b'tEXt' 41 58
2026-03-30 11:00:12,022 - DEBUG - STREAM b'pHYs' 111 9
2026-03-30 11:00:12,022 - DEBUG - STREAM b'IDAT' 132 65536
